battery,camera,display,no_of_ratings,no_of_reviews,price,product_name,ram,rating
5000 mAh Battery,12MP + 2MP | 8MP Front Camera,15.8 cm (6.22 inch) HD+ Display,"5,73,823 Ratings "," 44,394 Reviews","₹9,799","Redmi 8 (Sapphire Blue, 64 GB)",4 GB RAM | 64 GB ROM | Expandable Upto 512 GB,4.4
5000 mAh Lithium-ion Battery,48MP + 8MP + 2MP + 2MP | 16MP Front Camera,16.51 cm (6.5 inch) HD+ Display,"39,631 Ratings "," 3,110 Reviews","₹11,999","Realme Narzo 10 (That White, 128 GB)",4 GB RAM | 128 GB ROM | Expandable Upto 256 GB,4.5
5000 mAh Lithium-ion Battery,48MP + 8MP + 2MP + 2MP | 16MP Front Camera,16.51 cm (6.5 inch) HD+ Display,"39,631 Ratings "," 3,110 Reviews","₹11,999","Realme Narzo 10 (That Green, 128 GB)",4 GB RAM | 128 GB ROM | Expandable Upto 256 GB,4.5
4500 mAh Li-polymer Battery,64MP + 8MP + 2MP + 2MP | 20MP Front Camera,16.59 cm (6.53 inch) Full HD+ Display,"42,822 Ratings "," 3,432 Reviews","₹16,999","Redmi Note 8 Pro (Halo White, 128 GB)",6 GB RAM | 128 GB ROM | Expandable Upto 512 GB,4.5
4300 mAh Battery,64MP + 8MP + 2MP + 2MP | 16MP Front Camera,16.51 cm (6.5 inch) Full HD+ Display,"16,944 Ratings "," 1,687 Reviews","₹17,999","Realme 6 (Comet White, 128 GB)",8 GB RAM | 128 GB ROM | Expandable Upto 256 GB,4.4
5000 mAh Lithium-ion Battery,12MP + 2MP + 2MP | 5MP Front Camera,16.56 cm (6.52 inch) HD+ Display,"6,015 Ratings ", 468 Reviews,"₹9,999","Realme Narzo 10A (So Blue, 64 GB)",4 GB RAM | 64 GB ROM | Expandable Upto 256 GB,4.6
5000 mAh Lithium-ion Battery,12MP + 2MP + 2MP | 5MP Front Camera,16.56 cm (6.52 inch) HD+ Display,"6,015 Ratings ", 468 Reviews,"₹9,999","Realme Narzo 10A (So White, 64 GB)",4 GB RAM | 64 GB ROM | Expandable Upto 256 GB,4.6
5000 mAh Lithium-ion Battery,12MP + 2MP + 2MP | 5MP Front Camera,16.56 cm (6.52 inch) HD+ Display,"21,449 Ratings "," 1,559 Reviews","₹8,999","Realme Narzo 10A (So Blue, 32 GB)",3 GB RAM | 32 GB ROM | Expandable Upto 256 GB,4.6
5000 mAh Lithium-ion Battery,12MP + 2MP + 2MP | 5MP Front Camera,16.56 cm (6.52 inch) HD+ Display,"21,449 Ratings "," 1,559 Reviews","₹8,999","Realme Narzo 10A (So White, 32 GB)",3 GB RAM | 32 GB ROM | Expandable Upto 256 GB,4.6
5000 mAh Lithium-ion Battery,13MP + 5MP + 2MP | 8MP Front Camera,16.26 cm (6.4 inch) HD+ Display,"1,550 Ratings ", 121 Reviews,"₹10,999","Samsung Galaxy M11 (Black, 32 GB)",3 GB RAM | 32 GB ROM | Expandable Upto 512 GB,4.3
4230 mAh Battery,13MP + 2MP | 5MP Front Camera,15.8 cm (6.22 inch) HD+ Display,"4,057 Ratings ", 271 Reviews,"₹9,990","OPPO A12 (Black, 32 GB)",3 GB RAM | 32 GB ROM | Expandable Upto 256 GB,4.4
4230 mAh Battery,13MP + 2MP | 5MP Front Camera,15.8 cm (6.22 inch) HD+ Display,"4,057 Ratings ", 271 Reviews,"₹9,990","OPPO A12 (Blue, 32 GB)",3 GB RAM | 32 GB ROM | Expandable Upto 256 GB,4.4
5000 mAh Lithium-ion Battery,13MP + 5MP + 2MP | 8MP Front Camera,16.26 cm (6.4 inch) HD+ Display,"1,550 Ratings ", 121 Reviews,"₹12,067","Samsung Galaxy M11 (Metallic Blue, 32 GB)",3 GB RAM | 32 GB ROM | Expandable Upto 512 GB,4.3
5000 mAh Lithium-ion Battery,13MP + 5MP + 2MP | 8MP Front Camera,16.26 cm (6.4 inch) HD+ Display,"1,046 Ratings ", 72 Reviews,"₹14,289","Samsung Galaxy M11 (Black, 64 GB)",4 GB RAM | 64 GB ROM | Expandable Upto 512 GB,4.3
4500 mAh Li-ion Battery,48MP + 8MP + 2MP | 32MP Front Camera,16.21 cm (6.38 inch) Full HD+ Display,"13,542 Ratings "," 1,353 Reviews","₹18,990","Vivo Z1x (Phantom Purple, 128 GB)",8 GB RAM | 128 GB ROM,4.4
4500 mAh Li-ion Battery,48MP + 8MP + 2MP | 32MP Front Camera,16.21 cm (6.38 inch) Full HD+ Display,"1,36,907 Ratings "," 14,591 Reviews","₹16,990","Vivo Z1x (Fusion Blue, 64 GB)",6 GB RAM | 64 GB ROM,4.4
4500 mAh Li-ion Battery,48MP + 8MP + 2MP | 32MP Front Camera,16.21 cm (6.38 inch) Full HD+ Display,"1,36,907 Ratings "," 14,591 Reviews","₹16,990","Vivo Z1x (Phantom Purple, 64 GB)",6 GB RAM | 64 GB ROM,4.4
4500 mAh Li-ion Battery,48MP + 8MP + 2MP | 32MP Front Camera,16.21 cm (6.38 inch) Full HD+ Display,"13,542 Ratings "," 1,353 Reviews","₹18,990","Vivo Z1x (Fusion Blue, 128 GB)",8 GB RAM | 128 GB ROM,4.4
4230 mAh Battery,12MP + 2MP + 2MP | 8MP Front Camera,16.51 cm (6.5 inch) HD+ Display,887 Ratings , 68 Reviews,"₹14,990","OPPO A31 (Fantasy White, 128 GB)",6 GB RAM | 128 GB ROM | Expandable Upto 256 GB,4.3
4230 mAh Battery,12MP + 2MP + 2MP | 8MP Front Camera,16.51 cm (6.5 inch) HD+ Display,"4,251 Ratings ", 304 Reviews,"₹12,490","OPPO A31 (Fantasy White, 64 GB)",4 GB RAM | 64 GB ROM | Expandable Upto 256 GB,4.4
4230 mAh Battery,12MP + 2MP + 2MP | 8MP Front Camera,16.51 cm (6.5 inch) HD+ Display,887 Ratings , 68 Reviews,"₹14,990","OPPO A31 (Mystery Black, 128 GB)",6 GB RAM | 128 GB ROM | Expandable Upto 256 GB,4.3
4230 mAh Battery,12MP + 2MP + 2MP | 8MP Front Camera,16.51 cm (6.5 inch) HD+ Display,"4,251 Ratings ", 304 Reviews,"₹12,490","OPPO A31 (Mystery Black, 64 GB)",4 GB RAM | 64 GB ROM | Expandable Upto 256 GB,4.4
5000 mAh Lithium-ion Battery,48MP + 8MP + 2MP + 2MP | 13MP Front Camera,16.51 cm (6.5 inch) HD+ Display,477 Ratings , 45 Reviews,"₹16,499","Samsung Galaxy A21s (Black, 64 GB)",4 GB RAM | 64 GB ROM | Expandable Upto 512 GB,4.3
5000 mAh Lithium Polymer Battery,12MP + 8MP + 2MP + 2MP | 16MP Front Camera,16.51 cm (6.5 inch) Full HD+ Display,300 Ratings , 25 Reviews,"₹16,990","OPPO A52 (Twilight Black, 128 GB)",6 GB RAM | 128 GB ROM | Expandable Upto 256 GB,4.4
5000 mAh Lithium-ion Battery,13MP + 8MP + 2MP + 2MP | 16MP Front Camera,16.59 cm (6.53 inch) Display,821 Ratings , 57 Reviews,"₹17,990","Vivo Y50 (Pearl White, 128 GB)",8 GB RAM | 128 GB ROM | Expandable Upto 256 GB,4.4
5000 mAh Lithium-ion Battery,13MP + 8MP + 2MP + 2MP | 16MP Front Camera,16.59 cm (6.53 inch) Display,821 Ratings , 57 Reviews,"₹17,990","Vivo Y50 (Iris Blue, 128 GB)",8 GB RAM | 128 GB ROM | Expandable Upto 256 GB,4.4
4500 mAh Lithium Polymer Battery,48MP + 8MP + 2MP + 2MP | 32MP Front Camera,16.21 cm (6.38 inch) Full HD+ Display,"8,857 Ratings ", 647 Reviews,"₹19,990","Vivo S1 Pro (Dreamy White, 128 GB)",8 GB RAM | 128 GB ROM | Expandable Upto 256 GB,4.4
5000 mAh Battery,13MP + 2MP | 8MP Front Camera,16.13 cm (6.35 inch) HD+ Display,"2,609 Ratings ", 113 Reviews,"₹11,999","Vivo Y11 (Mineral Blue, 32 GB)",3 GB RAM | 32 GB ROM,4.4
5000 mAh Battery,13MP + 2MP | 8MP Front Camera,16.13 cm (6.35 inch) HD+ Display,"2,609 Ratings ", 113 Reviews,"₹11,999","Vivo Y11 (Agate Red, 32 GB)",3 GB RAM | 32 GB ROM,4.4
5000 mAh Lithium-ion Battery,13MP + 5MP + 2MP | 8MP Front Camera,16.26 cm (6.4 inch) HD+ Display,"1,550 Ratings ", 121 Reviews,"₹11,897","Samsung Galaxy M11 (Violet, 32 GB)",3 GB RAM | 32 GB ROM | Expandable Upto 512 GB,4.3
5000 mAh Lithium-ion Battery,48MP + 8MP + 2MP + 2MP | 13MP Front Camera,16.51 cm (6.5 inch) HD+ Display,169 Ratings , 15 Reviews,"₹18,499","Samsung Galaxy A21s (Blue, 64 GB)",6 GB RAM | 64 GB ROM | Expandable Upto 512 GB,4.4
5000 mAh Lithium-ion Battery,13MP + 5MP + 2MP | 8MP Front Camera,16.26 cm (6.4 inch) HD+ Display,"1,046 Ratings ", 72 Reviews,"₹14,416","Samsung Galaxy M11 (Metallic Blue, 64 GB)",4 GB RAM | 64 GB ROM | Expandable Upto 512 GB,4.3
4000 mAh Li-ion Polymer Battery,16MP Rear Camera | 16MP Front Camera,15.06 cm (5.93 inch) Full HD+ Display,"1,404 Ratings ", 205 Reviews,"₹10,999","Infinix Note 5 Stylus (Charcoal Blue, 64 GB)",4 GB RAM | 64 GB ROM | Expandable Upto 128 GB,3.9
4000 mAh Li-polymer Battery,48MP + 13MP + 8MP | 20MP Front Camera,16.23 cm (6.39 inch) Full HD+ Display,"58,249 Ratings "," 7,257 Reviews","₹26,999","Redmi K20 Pro (Flame Red, 128 GB)",6 GB RAM | 128 GB ROM,4.5
5000 mAh Li-ion Battery,16MP + 8MP + 2MP | 16MP Front Camera,16.59 cm (6.53 inch) Full HD+ Display,"4,022 Ratings ", 263 Reviews,"₹14,990","Vivo Y19 (Magnetic Black, 128 GB)",4 GB RAM | 128 GB ROM | Expandable Upto 256 GB,4.4
5000 mAh Li-ion Battery,16MP + 8MP + 2MP | 16MP Front Camera,16.59 cm (6.53 inch) Full HD+ Display,"4,022 Ratings ", 263 Reviews,"₹14,990","Vivo Y19 (Spring White, 128 GB)",4 GB RAM | 128 GB ROM | Expandable Upto 256 GB,4.4
1000 mAh Battery,0.3MP Rear Camera,4.57 cm (1.8 inch) Display,"2,230 Ratings ", 259 Reviews,₹639,I Kall K22 New,32 MB RAM | 64 MB ROM,3.6
4030 mAh Lithium-ion Battery,13MP Rear Camera | 5MP Front Camera,15.8 cm (6.22 inch) HD+ Display,"1,312 Ratings ", 57 Reviews,"₹10,799","Vivo Y91i (Fusion Black, 32 GB)",3 GB RAM | 32 GB ROM | Expandable Upto 256 GB,4.4
1000 mAh Battery,0.3MP Rear Camera,4.57 cm (1.8 inch) Quarter QVGA Display,32 Ratings , 3 Reviews,₹529,Grabo VIDO,64 MB RAM | 64 MB ROM,3.8
4000 mAh Battery,13MP Rear Camera | 8MP Front Camera,15.8 cm (6.22 inch) HD+ Display,86 Ratings , 9 Reviews,"₹8,985","Panasonic Eluga I8 (Charcoal Black, 32 GB)",3 GB RAM | 32 GB ROM | Expandable Upto 512 GB,4
4030 mAh Li-ion Battery,13MP Rear Camera | 5MP Front Camera,15.8 cm (6.22 inch) HD+ Display,"17,346 Ratings "," 1,220 Reviews","₹7,990","Vivo Y91i (Ocean Blue, 32 GB)",2 GB RAM | 32 GB ROM | Expandable Upto 256 GB,4.4
3765 mAh Battery,48MP + 5MP | 16MP Front Camera,16.59 cm (6.53 inch) Full HD+ Display,"97,385 Ratings "," 12,729 Reviews","₹17,999","Realme X (Space Blue, 128 GB)",4 GB RAM | 128 GB ROM,4.5
4500 mAh Lithium-ion Battery,48MP + 8MP + 2MP + 2MP | 32MP + 8MP Dual Front Camera,16.36 cm (6.44 inch) Full HD+ Display,"2,611 Ratings ", 270 Reviews,"₹27,990","Vivo V19 (Mystic Silver, 128 GB)",8 GB RAM | 128 GB ROM | Expandable Upto 512 GB,4.4
4500 mAh Lithium-ion Battery,48MP + 8MP + 2MP + 2MP | 32MP + 8MP Dual Front Camera,16.36 cm (6.44 inch) Full HD+ Display,"2,611 Ratings ", 270 Reviews,"₹27,990","Vivo V19 (Piano Black, 128 GB)",8 GB RAM | 128 GB ROM | Expandable Upto 512 GB,4.4
4500 mAh Lithium-ion Battery,48MP + 8MP + 2MP + 2MP | 32MP + 8MP Dual Front Camera,16.36 cm (6.44 inch) Full HD+ Display,"2,611 Ratings ", 270 Reviews,"₹31,990","Vivo V19 (Piano Black, 256 GB)",8 GB RAM | 256 GB ROM | Expandable Upto 512 GB,4.4
4500 mAh Lithium-ion Battery,48MP + 8MP + 2MP + 2MP | 32MP + 8MP Dual Front Camera,16.36 cm (6.44 inch) Full HD+ Display,"2,611 Ratings ", 270 Reviews,"₹31,990","Vivo V19 (Mystic Silver, 256 GB)",8 GB RAM | 256 GB ROM | Expandable Upto 512 GB,4.4
4500 mAh Li-polymer Battery,64MP + 8MP + 2MP + 2MP | 20MP Front Camera,16.59 cm (6.53 inch) Full HD+ Display,"42,821 Ratings "," 3,432 Reviews","₹15,999","Redmi Note 8 Pro (Halo White, 64 GB)",6 GB RAM | 64 GB ROM | Expandable Upto 512 GB,4.5
5000 mAh Lithium-ion Battery,13MP + 5MP + 2MP | 8MP Front Camera,16.26 cm (6.4 inch) HD+ Display,"1,046 Ratings ", 72 Reviews,"₹14,185","Samsung Galaxy M11 (Violet, 64 GB)",4 GB RAM | 64 GB ROM | Expandable Upto 512 GB,4.3
4500 mAh Lithium-ion Battery,48MP + 12MP + 5MP | 32MP Front Camera,17.02 cm (6.7 inch) Full HD+ Display,"7,617 Ratings "," 1,697 Reviews","₹42,999","Samsung Galaxy S10 Lite (Prism White, 128 GB)",8 GB RAM | 128 GB ROM | Expandable Upto 1 TB,4.5
4000 mAh Battery,48MP + 8MP + 2MP + 2MP | 16MP Front Camera,16.26 cm (6.4 inch) Full HD+ Display,"7,346 Ratings ", 678 Reviews,"₹18,990","OPPO F15 (Lightening Black, 128 GB)",8 GB RAM | 128 GB ROM | Expandable Upto 256 GB,4.4
800 mAh Battery,0.3MP Rear Camera,4.5 cm (1.77 inch) Display,"10,618 Ratings "," 1,028 Reviews",₹941,Lava A1,4 MB RAM | 24 MB ROM | Expandable Upto 32 GB,4.1
4440 mAh Li-ion Battery,48MP + 13MP + 13MP + 2MP | 16MP Front Camera,16.36 cm (6.44 inch) Full HD+ Display,"3,837 Ratings ", 739 Reviews,"₹34,990","iQOO 3 (Quantum Silver, 128 GB)",8 GB RAM | 128 GB ROM,4.4
4440 mAh Li-ion Battery,48MP + 13MP + 13MP + 2MP | 16MP Front Camera,16.36 cm (6.44 inch) Full HD+ Display,"3,837 Ratings ", 739 Reviews,"₹37,990","iQOO 3 (Quantum Silver, 256 GB)",8 GB RAM | 256 GB ROM,4.4
4440 mAh Li-ion Battery,48MP + 13MP + 13MP + 2MP | 16MP Front Camera,16.36 cm (6.44 inch) Full HD+ Display,"3,837 Ratings ", 739 Reviews,"₹34,990","iQOO 3 (Tornado Black, 128 GB)",8 GB RAM | 128 GB ROM,4.4
4000 mAh Li-polymer Battery,48MP + 13MP + 8MP | 20MP Front Camera,16.23 cm (6.39 inch) Full HD+ Display,"46,265 Ratings "," 4,989 Reviews","₹21,999","Redmi K20 (Carbon Black, 64 GB)",6 GB RAM | 64 GB ROM,4.5
5000 mAh Lithium-ion Battery,16MP + 2MP + 2MP | 8MP Front Camera,16.51 cm (6.5 inch) HD+ Display,"10,938 Ratings ", 902 Reviews,"₹9,499","Motorola G8 Power Lite (Royal Blue, 64 GB)",4 GB RAM | 64 GB ROM | Expandable Upto 256 GB,4.5
4000 mAh Battery,64MP + 13MP + 8MP + 2MP | 16MP Front Camera,16.51 cm (6.5 inch) Full HD+ Display,"11,454 Ratings "," 1,781 Reviews","₹31,999","Realme X2 Pro (Lunar White, 128 GB)",8 GB RAM | 128 GB ROM,4.6
4000 mAh Battery,64MP + 13MP + 8MP + 2MP | 16MP Front Camera,16.51 cm (6.5 inch) Full HD+ Display,"5,522 Ratings ", 848 Reviews,"₹35,999","Realme X2 Pro (Lunar White, 256 GB)",12 GB RAM | 256 GB ROM,4.6
4000 mAh Battery,64MP + 13MP + 8MP + 2MP | 16MP Front Camera,16.51 cm (6.5 inch) Full HD+ Display,"5,522 Ratings ", 848 Reviews,"₹35,999","Realme X2 Pro (Neptune Blue, 256 GB)",12 GB RAM | 256 GB ROM,4.6
4000 mAh Battery,64MP + 13MP + 8MP + 2MP | 16MP Front Camera,16.51 cm (6.5 inch) Full HD+ Display,"11,454 Ratings "," 1,781 Reviews","₹31,999","Realme X2 Pro (Lunar White, 128 GB)",8 GB RAM | 128 GB ROM,4.6
4000 mAh Battery,64MP + 13MP + 8MP + 2MP | 16MP Front Camera,16.51 cm (6.5 inch) Full HD+ Display,"11,454 Ratings "," 1,781 Reviews","₹31,999","Realme X2 Pro (Neptune Blue, 128 GB)",8 GB RAM | 128 GB ROM,4.6
4000 mAh Li-polymer Battery,48MP + 13MP + 8MP | 20MP Front Camera,16.23 cm (6.39 inch) Full HD+ Display,"12,852 Ratings "," 1,790 Reviews","₹29,999","Redmi K20 Pro (Flame Red, 256 GB)",8 GB RAM | 256 GB ROM,4.5
4500 mAh Lithium Polymer Battery,16MP + 8MP + 2MP | 32MP Front Camera,16.21 cm (6.38 inch) Full HD+ Display,"8,926 Ratings ", 644 Reviews,"₹16,990","Vivo S1 (Skyline Blue, 128 GB)",4 GB RAM | 128 GB ROM | Expandable Upto 256 GB,4.5
4500 mAh Lithium Polymer Battery,16MP + 8MP + 2MP | 32MP Front Camera,16.21 cm (6.38 inch) Full HD+ Display,"2,180 Ratings ", 164 Reviews,"₹18,990","Vivo S1 (Skyline Blue, 64 GB)",6 GB RAM | 64 GB ROM | Expandable Upto 256 GB,4.5
4000 mAh Battery,16MP + 2MP | 16MP Front Camera,15.75 cm (6.2 inch) HD+ Display,"4,154 Ratings ", 477 Reviews,"₹9,999","Panasonic Eluga Ray 810 (Starry Black, 64 GB)",4 GB RAM | 64 GB ROM | Expandable Upto 128 GB,3.9
4000 mAh Lithium-ion Battery,25MP + 5MP + 8MP | 25MP Front Camera,16.26 cm (6.4 inch) Full HD+ Display,"10,309 Ratings ", 928 Reviews,"₹18,999","Samsung Galaxy A50 (White, 64 GB)",6 GB RAM | 64 GB ROM | Expandable Upto 512 GB,4.4
4000 mAh Lithium-ion Battery,25MP + 5MP + 8MP | 25MP Front Camera,16.26 cm (6.4 inch) Full HD+ Display,"10,309 Ratings ", 928 Reviews,"₹20,949","Samsung Galaxy A50 (Blue, 64 GB)",6 GB RAM | 64 GB ROM | Expandable Upto 512 GB,4.4
4000 mAh Lithium-ion Battery,48MP + 12MP + 5MP + 5MP | 32MP Front Camera,16.26 cm (6.4 inch) Full HD+ Display,"2,840 Ratings ", 337 Reviews,"₹25,999","Samsung Galaxy A51 (Prism Crush Blue, 128 GB)",6 GB RAM | 128 GB ROM | Expandable Upto 512 GB,4.4
3000 mAh Battery,8MP Rear Camera | 5MP Front Camera,13.84 cm (5.45 inch) FWVGA Display,"2,853 Ratings ", 272 Reviews,"₹6,499","Panasonic ELUGA I6 (Black, 16 GB)",2 GB RAM | 16 GB ROM | Expandable Upto 256 GB,3.9
5000 mAh Lithium-ion Battery,16MP + 2MP + 2MP | 8MP Front Camera,16.51 cm (6.5 inch) HD+ Display,"10,938 Ratings ", 902 Reviews,"₹9,499","Motorola G8 Power Lite (Arctic Blue, 64 GB)",4 GB RAM | 64 GB ROM | Expandable Upto 256 GB,4.5
4500 mAh Lithium Ion Battery,64MP + 5MP + 8MP | 32MP Front Camera,17.02 cm (6.7 inch) Full HD+ Display,931 Ratings , 124 Reviews,"₹25,900","Samsung Galaxy A70s (Prism Crush White, 128 GB)",6 GB RAM | 128 GB ROM | Expandable Upto 512 GB,4.2
4000 mAh Battery,16MP + 8MP + 2MP | 16MP Front Camera,16.74 cm (6.59 inch) Full HD+ Display,692 Ratings , 71 Reviews,"₹16,899","Huawei Y9 Prime 2019 (Sapphire Blue, 128 GB)",4 GB RAM | 128 GB ROM,4.3
5000 mAh Battery,13MP Rear Camera,16.0 cm (6.3 inch) Display,"10,387 Ratings ", 742 Reviews,"₹13,599","Vivo Y12 (BURGUNDY RED, 64 GB)",3 GB RAM | 64 GB ROM,4.4
4030 mAh Battery,48MP + 8MP + 2MP | 32MP Front Camera,15.44 cm (6.08 inch) HD+ Display,"10,682 Ratings ", 939 Reviews,"₹17,475","Mi A3 (Kind of Grey, 128 GB)",6 GB RAM | 128 GB ROM | Expandable Upto 256 GB,4.3
1750 mAh Battery,0.3MP Rear Camera,6.1 cm (2.4 inch) QVGA Display,"4,584 Ratings ", 563 Reviews,"₹1,499",Lava A7,32 MB RAM | 24 MB ROM | Expandable Upto 32 GB,4.2
3600 mAh Battery,16MP + 2MP | 25MP Front Camera,16.28 cm (6.41 inch) Display,942 Ratings , 57 Reviews,"₹13,990","OPPO K1 (Astral Blue, 64 GB)",6 GB RAM | 64 GB ROM | Expandable Upto 256 GB,4.4
3600 mAh Battery,16MP + 2MP | 25MP Front Camera,16.28 cm (6.41 inch) Display,942 Ratings , 57 Reviews,"₹13,990","OPPO K1 (Piano Black, 64 GB)",6 GB RAM | 64 GB ROM | Expandable Upto 256 GB,4.4
4000 mAh Li-polymer Battery,48MP + 13MP + 8MP | 20MP Front Camera,16.23 cm (6.39 inch) Full HD+ Display,"12,852 Ratings "," 1,790 Reviews","₹29,999","Redmi K20 Pro (Carbon Black, 256 GB)",8 GB RAM | 256 GB ROM,4.5
3750 mAh Battery,48MP + 2MP + 16MP | 32MP Front Camera,15.9 cm (6.26 inch) Display,"1,847 Ratings ", 299 Reviews,"₹22,999","Honor 20 (Sapphire Blue, 128 GB)",6 GB RAM | 128 GB ROM,4.4
3750 mAh Battery,48MP + 2MP + 16MP | 32MP Front Camera,15.9 cm (6.26 inch) Display,"1,847 Ratings ", 299 Reviews,"₹22,999","Honor 20 (Midnight Black, 128 GB)",6 GB RAM | 128 GB ROM,4.4
1000 mAh Battery,0.3MP Rear Camera,4.57 cm (1.8 inch) Display,102 Ratings , 7 Reviews,₹639,I Kall K51,32 MB RAM | 64 MB ROM,3.6
4000 mAh Battery,64MP + 8MP + 2MP + 2MP Quad Camera | 16MP Front Camera,16.26 cm (6.4 inch) Display,"1,03,204 Ratings "," 11,831 Reviews","₹16,999","Realme XT (Pearl Blue, 64 GB)",4 GB RAM | 64 GB ROM | Expandable Upto 256 GB,4.5
4000 mAh Battery,13MP Rear Camera,15.9 cm (6.26 inch) Display,425 Ratings , 39 Reviews,"₹10,942","Nokia 3.2 (Black, 32 GB)",3 GB RAM | 32 GB ROM,4.1
800 mAh Battery,0.3MP Rear Camera,4.57 cm (1.8 inch) QVGA Display,640 Ratings , 50 Reviews,₹999,Lava A1 super,4 MB RAM | 3 MB ROM | Expandable Upto 32 GB,4.2
3700 mAh Li-ion Battery,"48 Million Quad Pixel Sensor (12 Million Effective Pixel) + 8MP + 5MP, AI Triple Rear Camera | 32MP Front Camera",16.23 cm (6.39 inch) Full HD+ Display,"29,528 Ratings "," 2,742 Reviews","₹21,099","Vivo V15 Pro (Ruby Red, 128 GB)",6 GB RAM | 128 GB ROM | Expandable Upto 256 GB,4.5
2500 mAh Battery,0.3MP Rear Camera,4.5 cm (1.77 inch) Display,738 Ratings , 67 Reviews,"₹1,070",Itel It 5605n,32 MB RAM | 32 MB ROM | Expandable Upto 32 GB,4.1
4500 mAh Lithium-ion Battery,64MP + 12MP + 5MP + 5MP | 32MP Front Camera,17.02 cm (6.7 inch) Full HD+ Display,758 Ratings , 93 Reviews,"₹34,990","Samsung Galaxy A71 (Prism Crush Black, 128 GB)",8 GB RAM | 128 GB ROM | Expandable Upto 512 GB,4.4
1000 mAh Battery,0.3MP Rear Camera,4.57 cm (1.8 inch) Display,45 Ratings , 5 Reviews,₹639,I Kall K 54,32 MB RAM | 32 MB ROM,3.5
4000 mAh Li Polymer Battery,12MP + 5MP | 20MP Front Camera,15.21 cm (5.99 inch) Full HD+ Display,"11,57,764 Ratings "," 1,23,814 Reviews","₹15,999","Redmi Note 5 Pro (Gold, 64 GB)",4 GB RAM | 64 GB ROM | Expandable Upto 128 GB,4.5
2500 mAh Battery,1.8MP Rear Camera,6.1 cm (2.4 inch) VGA Display,48 Ratings , 5 Reviews,"₹1,079",Blackbear C-99 Sultan,64 MB RAM | 64 MB ROM | Expandable Upto 16 GB,4
4500 mAh Lithium-ion Battery,48MP + 12MP + 5MP | 32MP Front Camera,17.02 cm (6.7 inch) Full HD+ Display,"7,617 Ratings "," 1,697 Reviews","₹47,999","Samsung Galaxy S10 Lite (Prism Black, 512 GB)",8 GB RAM | 512 GB ROM | Expandable Upto 1 TB,4.5
1500 mAh Battery,0.3MP Rear Camera,6.1 cm (2.4 inch) Display,60 Ratings , 4 Reviews,"₹1,999",I Kall K 60,32 MB RAM | 32 MB ROM,4
5000 mAh Battery,13MP Rear Camera,16.26 cm (6.4 inch) Display,"3,703 Ratings ", 276 Reviews,"₹16,390","Samsung Galaxy M30 (Gradation Blue, 64 GB)",4 GB RAM | 64 GB ROM,4.3
4000 mAh Battery,13MP + 2MP | 5MP Front Camera,15.75 cm (6.2 inch) HD+ Display,281 Ratings , 36 Reviews,"₹9,990","Nokia 2.3 (Charcoal, 32 GB)",2 GB RAM | 32 GB ROM | Expandable Upto 512 GB,4
4000 mAh Li-polymer Battery,48MP + 13MP + 8MP | 20MP Front Camera,16.23 cm (6.39 inch) Full HD+ Display,"12,852 Ratings "," 1,790 Reviews","₹29,999","Redmi K20 Pro (Pearl White, 256 GB)",8 GB RAM | 256 GB ROM,4.5
850 mAh Battery,0.3MP Rear Camera,3.66 cm (1.44 inch) QVGA Display,"9,349 Ratings ", 830 Reviews,₹949,Kechaoda K115,32 MB RAM | 32 MB ROM,4.1
2200 mAh Battery,5MP Rear Camera,12.7 cm (5 inch) Display,174 Ratings , 12 Reviews,"₹4,699","I Kall K600 (Black, 16 GB)",2 GB RAM | 16 GB ROM,2.9
4000 mAh Battery,48MP + 12MP | 20MP Front Camera,16.23 cm (6.39 inch) Display,234 Ratings , 34 Reviews,"₹42,499","Black Shark 2 (Frozen Silver, 256 GB)",12 GB RAM | 256 GB ROM,4.4
1000 mAh Battery,0.3MP Rear Camera,4.57 cm (1.8 inch) Display,988 Ratings , 99 Reviews,₹839,Itel IT 2163,32 MB RAM | 32 MB ROM,4
4000 mAh Battery,12MP + 5MP | 8MP Front Camera,16.74 cm (6.59 inch) Full HD+ Display,625 Ratings , 78 Reviews,"₹29,990","Vivo NEX (Black, 128 GB)",8 GB RAM | 128 GB ROM,4.2
1800 mAh Li-Ion Battery,1.3MP Rear Camera,6.6 cm (2.6 inch) QVGA Display,"6,289 Ratings ", 759 Reviews,"₹1,390",Karbonn Jumbo K9,Expandable Upto 8 GB,4
4000 mAh Battery,48MP + 8MP + 2MP + 2MP | 16MP Front Camera,16.51 cm (6.5 inch) Display,"2,469 Ratings ", 231 Reviews,"₹21,990","OPPO Reno2 F (Sky White, 128 GB)",8 GB RAM | 128 GB ROM,4.5
4000 mAh Battery,13MP Rear Camera | 5MP Front Camera,15.9 cm (6.26 inch) Display,425 Ratings , 39 Reviews,"₹11,965","Nokia 3.2 (Steel, 32 GB)",3 GB RAM | 32 GB ROM | Expandable Upto 400 GB,4.1
4000 mAh Li-polymer Battery,48MP + 13MP + 8MP | 20MP Front Camera,16.23 cm (6.39 inch) Full HD+ Display,"46,265 Ratings "," 4,989 Reviews","₹24,999","Redmi K20 (Flame Red, 128 GB)",6 GB RAM | 128 GB ROM,4.5
4000 mAh Battery,48 MP + 8 MP + 16 MP | 16MP Front Camera,16.94 cm (6.67 inch) Display,874 Ratings , 85 Reviews,"₹43,499","OnePlus 7 Pro (Nebula Blue, 256 GB)",8 GB RAM | 256 GB ROM,4.6
4000 mAh Battery,13MP + 13MP | 16MP Front Camera,15.21 cm (5.99 inch) Full HD+ Display,"2,788 Ratings ", 433 Reviews,"₹15,999","Blackberry Evolve (Black, 64 GB)",4 GB RAM | 64 GB ROM | Expandable Upto 256 GB,3.7
4000 mAh Battery,64MP + 13MP + 8MP + 2MP | 16MP Front Camera,16.51 cm (6.5 inch) Full HD+ Display,872 Ratings , 135 Reviews,"₹29,999","Realme X2 Pro (Neptune Blue, 64 GB)",6 GB RAM | 64 GB ROM,4.5
800 mAh Battery,0.3MP Rear Camera,4.57 cm (1.8 inch) VGA Display,100 Ratings , 9 Reviews,"₹1,199",I Kall K22 Combo of Two Mobiles,32 MB RAM | 64 MB ROM | Expandable Upto 8 GB,3.4
5000 mAh Li-ion Polymer Battery,48MP Rear Camera | 16MP Front Camera,16.76 cm (6.6 inch) Full HD Display,"1,132 Ratings ", 223 Reviews,"₹38,999","Nubia Red Magic 3 (Red, 128 GB)",8 GB RAM | 128 GB ROM,4.2
4000 mAh Battery,16MP Rear Camera | 13MP Front Camera,15.75 cm (6.2 inch) Display,122 Ratings , 29 Reviews,"₹9,690","Alcatel 5V (Spectrum Blue, 32 GB)",3 GB RAM | 32 GB ROM,4.5
3000 mAh Battery,13MP + 2MP | 8MP Front Camera,14.99 cm (5.9 inch) HD+ Display,352 Ratings , 47 Reviews,"₹14,999","Moto One (Black, 64 GB)",4 GB RAM | 64 GB ROM | Expandable Upto 256 GB,4.1
4000 mAh Li-polymer Battery,48MP + 13MP + 8MP | 20MP Front Camera,16.23 cm (6.39 inch) Full HD+ Display,"46,265 Ratings "," 4,989 Reviews","₹24,999","Redmi K20 (Carbon Black, 128 GB)",6 GB RAM | 128 GB ROM,4.5
4000 mAh Battery,64MP + 8MP + 2MP + 2MP Quad Camera | 16MP Front Camera,16.26 cm (6.4 inch) Display,"1,03,204 Ratings "," 11,831 Reviews","₹16,999","Realme XT (Pearl White, 64 GB)",4 GB RAM | 64 GB ROM | Expandable Upto 256 GB,4.5
3000 mAh Battery,13MP + 2MP | 8MP Front Camera,14.99 cm (5.9 inch) HD+ Display,352 Ratings , 47 Reviews,"₹14,999","Moto One (White, 64 GB)",4 GB RAM | 64 GB ROM | Expandable Upto 256 GB,4.1
4085 mAh Battery,48MP +8MP+16MP | 16MP Dual Front Camera,16.94 cm (6.67 inch) Quad HD+ Display,409 Ratings , 32 Reviews,"₹47,927","OnePlus 7T Pro (Haze Blue, 256 GB)",8 GB RAM | 256 GB ROM,4.6
3700 mAh Battery,12.2MP Rear Camera | 8MP Front Camera,15.24 cm (6 inch) Full HD+ Display,"1,528 Ratings ", 223 Reviews,"₹34,999","Google Pixel 3a XL (Just Black, 64 GB)",4 GB RAM | 64 GB ROM,4.5
4500 mAh Lithium-ion Battery,12MP + 12MP + 12MP | 32MP Front Camera,17.02 cm (6.7 inch) Full HD+ Display,184 Ratings , 37 Reviews,"₹39,999","Samsung Galaxy Note10 Lite (Aura Red, 128 GB)",8 GB RAM | 128 GB ROM | Expandable Upto 1 TB,4.5
1500 mAh Battery,0.3MP Rear Camera,6.1 cm (2.4 inch) Display,40 Ratings , 6 Reviews,"₹1,899",I Kall K-60,32 MB RAM | 64 MB ROM,4.1
700 mAh Battery,0.3MP Rear Camera | 0MP Front Camera,6.1 cm (2.4 inch) QVGA Display,412 Ratings , 61 Reviews,"₹3,399",Easyfone Royale,32 MB RAM | 32 MB ROM | Expandable Upto 32 GB,4.1
800 mAh Battery,0.3MP Rear Camera,4.5 cm (1.77 inch) Quarter QVGA Display,"65,458 Ratings "," 7,628 Reviews",₹897,Lava A1,24 MB RAM | 24 MB ROM | Expandable Upto 32 GB,4.2
4000 mAh Li-polymer Battery,12MP + 5MP | 20MP Front Camera,15.7 cm (6.18 inch) Full HD+ Display,"2,39,061 Ratings "," 29,822 Reviews","₹18,999","POCO F1 (Steel Blue, 128 GB)",6 GB RAM | 128 GB ROM | Expandable Upto 256 GB,4.5
2500 mAh Battery,0.3MP Rear Camera,4.5 cm (1.77 inch) Display,"5,340 Ratings ", 546 Reviews,₹996,Micromax X380,32 MB RAM | 32 MB ROM,4
1200 mAh Battery,0.3MP Rear Camera | 0.3MP Front Camera,6.1 cm (2.4 inch) QVGA Display,317 Ratings , 38 Reviews,"₹1,499",Itel Magic 1,32 MB RAM | 32 MB ROM | Expandable Upto 32 GB,4.2
1000 mAh Battery,0.3MP Rear Camera | 0.3MP Front Camera,4.57 cm (1.8 inch) Display,69 Ratings , 7 Reviews,₹690,Blackzone Galaxy,10 MB RAM | 10 MB ROM | Expandable Upto 16 GB,3.8
4500 mAh Lithium-ion Battery,64MP + 12MP + 5MP + 5MP | 32MP Front Camera,17.02 cm (6.7 inch) Full HD+ Display,758 Ratings , 93 Reviews,"₹34,990","Samsung Galaxy A71 (Prism Crush Blue, 128 GB)",8 GB RAM | 128 GB ROM | Expandable Upto 512 GB,4.4
3700 mAh Battery,12MP + 20MP | 25MP Front Camera,16.26 cm (6.4 inch) Display,530 Ratings , 77 Reviews,"₹31,590","OPPO R17 Pro (Emerald Green, 128 GB)",8 GB RAM | 128 GB ROM,4.1
1200 mAh Battery,2MP Rear Camera,6.1 cm (2.4 inch) QVGA Display,"25,015 Ratings "," 2,886 Reviews","₹3,866",Nokia 3310 DS,16 MB ROM | Expandable Upto 32 GB,3.8
1000 mAh Li-ion Battery,0.3MP Rear Camera,6.1 cm (2.4 inch) QVGA Display,977 Ratings , 107 Reviews,"₹1,125",Lava A5,32 MB RAM | 24 MB ROM | Expandable Upto 32 GB,4.1
4000 mAh Li-ion Polymer Battery Battery,48MP + 2MP + 5MP + QVGA Rear Camera | 32MP Front Camera,16.59 cm (6.53 inch) Full HD+ Display,181 Ratings , 27 Reviews,"₹15,999","Tecno Camon 15 Pro (Opal White, 128 GB)",6 GB RAM | 128 GB ROM | Expandable Upto 256 GB,4.3
1000 mAh Battery,0.3MP Rear Camera | 0MP Front Camera,4.57 cm (1.8 inch) QVGA Display,815 Ratings , 79 Reviews,"₹1,049",Itel It 2190,32 MB RAM | 32 MB ROM | Expandable Upto 32 GB,4.1
3000 mAh Battery,16MP Rear Camera,13.97 cm (5.5 inch) Full HD Display,"13,888 Ratings "," 1,468 Reviews","₹14,998","Nokia 6.1 (Gold, Blue, 64 GB)",4 GB RAM | 64 GB ROM | Expandable Upto 128 GB,4
2500 mAh Battery,0.3MP Rear Camera,4.57 cm (1.8 inch) Display,157 Ratings , 15 Reviews,"₹1,140",Itel it5607,32 MB RAM | 32 MB ROM,4.1
1900 mAh Battery,0.3MP Rear Camera,7.11 cm (2.8 inch) Display,523 Ratings , 58 Reviews,"₹1,680",ITEL magic 1 max,8 MB RAM | 8 MB ROM,3.9
4045 mAh Battery,16MP + 5MP | 25MP Front Camera,16.0 cm (6.3 inch) Full HD+ Display,"1,24,331 Ratings "," 14,386 Reviews","₹16,999","Realme 3 Pro (Lightning Purple, 128 GB)",6 GB RAM | 128 GB ROM | Expandable Upto 256 GB,4.5
4045 mAh Battery,16MP + 5MP | 25MP Front Camera,16.0 cm (6.3 inch) Full HD+ Display,"1,24,331 Ratings "," 14,386 Reviews","₹15,999","Realme 3 Pro (Lightning Purple, 64 GB)",6 GB RAM | 64 GB ROM | Expandable Upto 256 GB,4.5
2500 mAh Battery,0.3MP Rear Camera,4.57 cm (1.8 inch) Quarter QVGA Display,21 Ratings , 1 Reviews,₹999,Tork T3,32 MB RAM | 32 MB ROM | Expandable Upto 8 GB,3.5
1020 mAh Battery,0.3MP Rear Camera,6.1 cm (2.4 inch) Display,"9,509 Ratings ", 924 Reviews,"₹2,135",Nokia 150,4 MB RAM | 4 MB ROM | Expandable Upto 32 GB,4.2
4000 mAh Battery,16MP Rear Camera,15.75 cm (6.2 inch) Display,122 Ratings , 29 Reviews,"₹12,999","Alcatel 5V (Spectrum Black, 32 GB)",3 GB RAM | 32 GB ROM,4.5
4000 mAh Li-polymer Battery,48MP + 5MP | 16MP Front Camera,16.51 cm (6.5 inch) Full HD+ Display,"1,17,059 Ratings "," 11,254 Reviews","₹17,990","OPPO F11 Pro (Aurora Green, 128 GB)",6 GB RAM | 128 GB ROM | Expandable Upto 256 GB,4.4
4000 mAh Li-polymer Battery,48MP + 13MP + 8MP | 20MP Front Camera,16.23 cm (6.39 inch) Full HD+ Display,"46,265 Ratings "," 4,989 Reviews","₹24,999","Redmi K20 (Pearl White, 128 GB)",6 GB RAM | 128 GB ROM,4.5
4000 mAh Battery,48MP + 8MP + 13MP + 2MP | 16MP Front Camera,16.51 cm (6.5 inch) Display,"1,264 Ratings ", 176 Reviews,"₹38,990","OPPO Reno2 (Luminous Black, 256 GB)",8 GB RAM | 256 GB ROM | Expandable Upto 256 GB,4.5
4000 mAh Lithium-ion Battery,16MP + 5MP | 16MP Front Camera,16.26 cm (6.4 inch) Full HD+ Display,"17,179 Ratings "," 1,418 Reviews","₹18,000","Samsung Galaxy A30 (Black, 64 GB)",4 GB RAM | 64 GB ROM | Expandable Upto 512 GB,4.4
950 mAh Battery,0.3MP Rear Camera,4.57 cm (1.8 inch) Display,23 Ratings , 1 Reviews,"₹1,149",Gfive U331 Combo of Two,32 MB RAM | 64 MB ROM | Expandable Upto 16 GB,3.6
1800 mAh Battery,0.3MP Rear Camera,7.11 cm (2.8 inch) Display,26 Ratings , 3 Reviews,"₹1,099",Tork X9,32 MB RAM | 32 MB ROM | Expandable Upto 8 GB,3.6
3700 mAh Battery,48MP + 8MP | 48MP(F2.0) + 8MP(Ultra Wide/F2.2) + TOF (Time-of-Flight) 3D-Depth Rotating Camera,17.02 cm (6.7 inch) Full HD+ Display,"2,705 Ratings ", 361 Reviews,"₹40,900","Samsung Galaxy A80 (Ghost White, 128 GB)",8 GB RAM | 128 GB ROM,4.5
3700 mAh Battery,48 MP + 5 MP | 16MP Front Camera,16.28 cm (6.41 inch) Display,"2,148 Ratings ", 185 Reviews,"₹37,999","OnePlus 7 (Red, 256 GB)",8 GB RAM | 256 GB ROM,4.6
3000 mAh Battery,13MP Rear Camera | 13MP Front Camera,12.7 cm (5 inch) HD Display,"6,307 Ratings "," 1,252 Reviews","₹8,499","XOLO ERA 3X (Posh Black, 16 GB)",3 GB RAM | 16 GB ROM | Expandable Upto 64 GB,3.9
1000 mAh Battery,0.3MP Rear Camera,4.57 cm (1.8 inch) Display,"1,275 Ratings ", 122 Reviews,₹629,I Kall K6610,32 MB RAM | 64 MB ROM | Expandable Upto 8 GB,3.5
1050 mAh Battery,1.3MP Rear Camera,4.57 cm (1.8 inch) Display,8 Ratings , 2 Reviews,"₹1,149",Jmax M40 & M43 Combo,32 MB RAM | 32 MB ROM,3.6
1050 mAh Battery,1.3MP Rear Camera,4.57 cm (1.8 inch) Display,8 Ratings , 2 Reviews,"₹1,149",Jmax M40 & M43 Combo,32 MB RAM | 32 MB ROM,3.6
1050 mAh Battery,1.3MP Rear Camera,4.57 cm (1.8 inch) Display,8 Ratings , 2 Reviews,"₹1,149",Jmax M40 & M43 Combo,32 MB RAM | 32 MB ROM,3.6
1050 mAh Battery,1.3MP Rear Camera,4.57 cm (1.8 inch) Display,8 Ratings , 2 Reviews,"₹1,149",Jmax M40 & M43 Combo,32 MB RAM | 32 MB ROM,3.6
1050 mAh Battery,1.3MP Rear Camera,4.57 cm (1.8 inch) Display,8 Ratings , 2 Reviews,"₹1,149",Jmax M40 & M43 Combo,32 MB RAM | 32 MB ROM,3.6
1050 mAh Battery,1.3MP Rear Camera,4.57 cm (1.8 inch) Display,8 Ratings , 2 Reviews,"₹1,149",Jmax M40 & M43 Combo,32 MB RAM | 32 MB ROM,3.6
1050 mAh Battery,1.3MP Rear Camera,4.57 cm (1.8 inch) Display,8 Ratings , 2 Reviews,"₹1,149",Jmax M40 & M43 Combo,32 MB RAM | 32 MB ROM,3.6
1050 mAh Battery,1.3MP Rear Camera,4.57 cm (1.8 inch) Display,8 Ratings , 2 Reviews,"₹1,149",Jmax M40 & M43 Combo,32 MB RAM | 32 MB ROM,3.6
1050 mAh Battery,1.3MP Rear Camera,4.57 cm (1.8 inch) Display,8 Ratings , 2 Reviews,"₹1,149",Jmax M40 & M43 Combo,32 MB RAM | 32 MB ROM,3.6
4780 mAh Battery,108MP Rear Camera | 20MP Front Camera,16.94 cm (6.67 inch) Display,13 Ratings , 0 Reviews,"₹52,620","Mi 10 (Twilight Grey, 128 GB)",8 GB RAM | 128 GB ROM,4.8
4780 mAh Battery,108MP Rear Camera | 20MP Front Camera,16.94 cm (6.67 inch) Display,13 Ratings , 0 Reviews,"₹51,980","Mi 10 (Coral Green, 128 GB)",8 GB RAM | 128 GB ROM,4.8
4780 mAh Battery,108MP Rear Camera | 20MP Front Camera,16.94 cm (6.67 inch) Display,13 Ratings , 0 Reviews,"₹51,980","Mi 10 (Twilight Grey, 256 GB)",8 GB RAM | 256 GB ROM,4.8
3700 mAh Li-ion Battery,"48 Million Quad Pixel Sensor (12 Million Effective Pixel) + 8MP + 5MP, AI Triple Rear Camera | 32MP Front Camera",16.23 cm (6.39 inch) Full HD+ Display,"2,877 Ratings ", 249 Reviews,"₹28,499","Vivo V15 Pro (Topaz Blue, 128 GB)",8 GB RAM | 128 GB ROM | Expandable Upto 256 GB,4.5
1050 mAh Battery,1.3MP Rear Camera,4.57 cm (1.8 inch) Display,10 Ratings , 0 Reviews,"₹1,149",Jmax M43 Combo of two,32 MB RAM | 32 MB ROM,4.1
1200 mAh Battery,1.3MP Rear Camera,6.1 cm (2.4 inch) Display,523 Ratings , 78 Reviews,"₹1,550",Lava PRIME Z,32 MB RAM | 32 MB ROM,4.1
5000 mAh Lithium-ion Battery,108MP + 16MP + 8MP | 25MP Front Camera,17.02 cm (6.7 inch) Full HD+ Display,73 Ratings , 18 Reviews,"₹74,999","Motorola Edge+ (Smoky Sangria, 256 GB)",12 GB RAM | 256 GB ROM,4.2
800 mAh Battery,1.3MP Rear Camera,3.66 cm (1.44 inch) Display,19 Ratings , 2 Reviews,₹890,Muphone M380,32 MB RAM | 32 MB ROM,4.1
800 mAh Battery,1.3MP Rear Camera,3.66 cm (1.44 inch) Display,19 Ratings , 2 Reviews,₹890,Muphone M380,32 MB RAM | 32 MB ROM,4.1
800 mAh Battery,1.3MP Rear Camera,3.66 cm (1.44 inch) Display,19 Ratings , 2 Reviews,₹890,Muphone M380,32 MB RAM | 32 MB ROM,4.1
4010 mAh Li-Ion Polymer Battery,13MP Rear Camera | 16MP Front Camera,13.97 cm (5.5 inch) Full HD Display,"5,781 Ratings "," 1,029 Reviews","₹21,499","Gionee A1 (Grey, 64 GB)",4 GB RAM | 64 GB ROM | Expandable Upto 256 GB,4
6000 mAh Battery,48MP + 8MP | 16MP Front Camera,16.26 cm (6.4 inch) Display,"3,017 Ratings ", 270 Reviews,"₹18,490","Samsung Galaxy M30S (Opal black, 128 GB)",4 GB RAM | 128 GB ROM | Expandable Upto 512 GB,4.3
4500 mAh Lithium-ion Battery,64 MP + 12 MP +12 MP + VGA Depth Camera | 10MP Front Camera,17.02 cm (6.7 inch) Quad HD+ Display,123 Ratings , 30 Reviews,"₹77,999","Samsung Galaxy S20+ (Cosmic Gray, 128 GB)",8 GB RAM | 128 GB ROM | Expandable Upto 1 TB,4.5
1000 mAh Battery,0.3MP Rear Camera,4.57 cm (1.8 inch) QVGA Display,574 Ratings , 64 Reviews,"₹1,049",Itel It 2162,32 MB RAM | 32 MB ROM | Expandable Upto 32 GB,4
1050 mAh Battery,2MP Rear Camera,5.84 cm (2.3 inch) QVGA Display,42 Ratings , 9 Reviews,"₹3,599",Easyfone Grand,32 MB RAM | 32 MB ROM,3.4
1050 mAh Battery,1.3MP Rear Camera,4.57 cm (1.8 inch) Display,15 Ratings , 0 Reviews,"₹1,149",Jmax M40 Combo of Two,32 MB RAM | 32 MB ROM,3.5
1050 mAh Battery,1.3MP Rear Camera,4.57 cm (1.8 inch) Display,15 Ratings , 0 Reviews,"₹1,149",Jmax M40 Combo of Two,32 MB RAM | 32 MB ROM,3.5
1050 mAh Battery,1.3MP Rear Camera,4.57 cm (1.8 inch) Display,15 Ratings , 0 Reviews,"₹1,149",Jmax M40 Combo of Two,32 MB RAM | 32 MB ROM,3.5
1050 mAh Battery,1.3MP Rear Camera,4.57 cm (1.8 inch) Display,15 Ratings , 0 Reviews,"₹1,149",Jmax M40 Combo of Two,32 MB RAM | 32 MB ROM,3.5
1050 mAh Battery,1.3MP Rear Camera,4.57 cm (1.8 inch) Display,15 Ratings , 0 Reviews,"₹1,149",Jmax M40 Combo of Two,32 MB RAM | 32 MB ROM,3.5
1050 mAh Battery,1.3MP Rear Camera,4.57 cm (1.8 inch) Display,15 Ratings , 0 Reviews,"₹1,149",Jmax M40 Combo of Two,32 MB RAM | 32 MB ROM,3.5
850 mAh Battery,0.3MP Rear Camera,4.5 cm (1.77 inch) Display,"6,363 Ratings ", 618 Reviews,"₹1,045",Kechaoda K-55 Plus,512 MB RAM | 32 MB ROM,4
850 mAh Battery,0.3MP Rear Camera,3.66 cm (1.44 inch) QVGA Display,"9,349 Ratings ", 830 Reviews,₹949,Kechaoda K115,32 MB RAM | 32 MB ROM,4.1
3730 mAh Li-polymer Battery,16MP + 20MP | 25MP Front Camera,16.26 cm (6.4 inch) Full HD Display,435 Ratings , 83 Reviews,"₹60,990","OPPO Find X (Glacier Blue, 256 GB)",8 GB RAM | 256 GB ROM,4.6
5000 mAh Battery,48MP + 8MP + 2MP + 2MP | 16MP Front Camera,16.51 cm (6.5 inch) Display,"5,083 Ratings ", 433 Reviews,"₹21,990","OPPO A9 2020 (Marine Green, 128 GB)",8 GB RAM | 128 GB ROM,4.3
4000 mAh Li-polymer Battery,48MP + 2MP + 16MP + 8MP | 32MP Front Camera,16.23 cm (6.39 inch) Full HD+ Display,128 Ratings , 34 Reviews,"₹26,999","Lenovo Z6 Pro (Black, 128 GB)",8 GB RAM | 128 GB ROM | Expandable Upto 512 GB,3.8
3000 mAh Polymer Battery,13MP Rear Camera | 8MP Front Camera,12.7 cm (5 inch) Full HD Display,"15,941 Ratings "," 4,328 Reviews","₹9,990","Yu Yureka Black (Chrome Black, 32 GB)",4 GB RAM | 32 GB ROM | Expandable Upto 64 GB,4
4000 mAh Lithium-ion Battery,16MP + 5MP | 16MP Front Camera,16.26 cm (6.4 inch) Full HD+ Display,"17,179 Ratings "," 1,418 Reviews","₹18,000","Samsung Galaxy A30 (White, 64 GB)",4 GB RAM | 64 GB ROM | Expandable Upto 512 GB,4.4
800 mAh Battery,0.3MP Rear Camera,4.5 cm (1.77 inch) Display,97 Ratings , 9 Reviews,₹790,Megus Eco,32 MB RAM | 32 MB ROM,3.1
3315 mAh Battery,16MP + 5MP | 25MP Front Camera,16.0 cm (6.3 inch) Full HD+ Display,"17,686 Ratings "," 1,753 Reviews","₹24,990","Vivo V11 (Starry Night Black, 64 GB)",6 GB RAM | 64 GB ROM | Expandable Upto 256 GB,4.5
4230 mAh Battery,13MP + 2MP | 8MP Front Camera,15.75 cm (6.2 inch) HD+ Display,"3,819 Ratings ", 281 Reviews,"₹14,999","OPPO A5s (Gold, 64 GB)",4 GB RAM | 64 GB ROM | Expandable Upto 256 GB,4.3
800 mAh Battery,1MP Rear Camera,4.5 cm (1.77 inch) QVGA Display,"1,767 Ratings ", 133 Reviews,"₹1,905",Nokia 110,4 MB RAM | 4 MB ROM | Expandable Upto 32 MB,4
800 mAh Battery,1.3MP Rear Camera,3.66 cm (1.44 inch) Display,6 Ratings , 0 Reviews,₹990,Muphone MU M360,32 MB RAM | 32 MB ROM,3.5
800 mAh Battery,0.3MP Rear Camera,4.57 cm (1.8 inch) Quarter QVGA Display,298 Ratings , 27 Reviews,₹799,Karbonn KX3,32 MB RAM | 32 MB ROM | Expandable Upto 32 GB,3.9
800 mAh Battery,0MP Front Camera,3.81 cm (1.5 inch) Display,"46,986 Ratings "," 5,083 Reviews","₹1,662",Samsung Guru FM Plus SM-B110E/D,NA ROM,4.3
2200 mAh Battery,0.3MP Rear Camera,6.1 cm (2.4 inch) Display,"1,788 Ratings ", 201 Reviews,"₹1,345",Micromax X744,32 MB RAM | 32 MB ROM,3.9
2200 mAh Battery,0.3MP Rear Camera,6.1 cm (2.4 inch) Display,"1,788 Ratings ", 201 Reviews,"₹1,345",Micromax X744,32 MB RAM | 32 MB ROM,3.9
1000 mAh Battery,0.3MP Rear Camera | 0MP Front Camera,6.1 cm (2.4 inch) Display,176 Ratings , 32 Reviews,"₹3,149",Easyfone Elite,32 RAM | 32 MB ROM | Expandable Upto 64 GB,4.1
3000 mAh Lithium-polymer Battery,12MP + 5MP | 5MP Front Camera,13.84 cm (5.45 inch) HD+ Display,"5,44,347 Ratings "," 40,502 Reviews","₹10,495","Redmi 6 (Black, 64 GB)",3 GB RAM | 64 GB ROM | Expandable Upto 256 GB,4.4
1000 mAh Battery,0.3MP Rear Camera,6.1 cm (2.4 inch) Display,176 Ratings , 32 Reviews,"₹3,149",Easyfone Elite,32 RAM | 32 MB ROM | Expandable Upto 32 GB,4.1
3315 mAh Battery,16MP + 5MP | 25MP Front Camera,16.0 cm (6.3 inch) Full HD+ Display,"17,686 Ratings "," 1,753 Reviews","₹24,990","Vivo V11 (Nebula Purple, 64 GB)",6 GB RAM | 64 GB ROM | Expandable Upto 256 GB,4.5
3000 mAh Battery,13MP + 2MP | 16MP Front Camera,14.83 cm (5.84 inches) Display,"2,23,771 Ratings "," 21,306 Reviews","₹19,999","Honor 9N (Midnight Black, 128 GB)",4 GB RAM | 128 GB ROM | Expandable Upto 256 GB,4.3
3000 mAh Battery,13MP + 2MP | 16MP Front Camera,14.83 cm (5.84 inches) Display,"2,23,771 Ratings "," 21,306 Reviews","₹19,999","Honor 9N (Sapphire Blue, 128 GB)",4 GB RAM | 128 GB ROM | Expandable Upto 256 GB,4.3
3400 mAh Lithium Polymer Battery,13MP + 2MP | 24MP Front Camera,15.77 cm (6.21 inch) Full HD+ Display,"27,051 Ratings "," 2,780 Reviews","₹13,999","Honor 10 Lite (Midnight Black, 32 GB)",3 GB RAM | 32 GB ROM | Expandable Upto 512 GB,4.4
1000 mAh Battery,0.3MP Rear Camera,4.57 cm (1.8 inch) Display,44 Ratings , 4 Reviews,₹599,Heemax H7,512 MB RAM | 32 MB ROM,3.4
4000 mAh Li Polymer Battery,12MP Rear Camera | 5MP Front Camera,15.21 cm (5.99 inch) Full HD+ Display,"3,49,864 Ratings "," 43,603 Reviews","₹10,999","Redmi Note 5 (Rose Gold, 32 GB)",3 GB RAM | 32 GB ROM | Expandable Upto 128 GB,4.4
1000 mAh Battery,0.3MP Rear Camera,4.57 cm (1.8 inch) Display,44 Ratings , 4 Reviews,₹599,Heemax H7,512 MB RAM | 32 MB ROM,3.4
1000 mAh Battery,0.3MP Rear Camera,3.56 cm (1.4 inch) Display,"1,776 Ratings ", 138 Reviews,₹925,Kechaoda K33,32 MB RAM | 32 MB ROM,4.1
2500 mAh Battery,1.3MP Rear Camera,4.57 cm (1.8 inch) VGA Display,14 Ratings , 2 Reviews,₹899,SSKY S-70 Josh,32 MB RAM | 32 MB ROM | Expandable Upto 32 GB,4.1
3500 mAh Battery,12MP + 5MP + 4MP | 12MP Front Camera,16.0 cm (6.3 inch) Full HD+ Display,"27,907 Ratings "," 2,997 Reviews","₹10,999","Motorola One Action (Denim Blue, 128 GB)",4 GB RAM | 128 GB ROM | Expandable Upto 512 GB,4.2
3500 mAh Battery,48MP + 5MP | 25MP Front Camera,16.0 cm (6.3 inch) Full HD+ Display,"10,877 Ratings "," 1,421 Reviews","₹14,999","Motorola One Vision (Sapphire Gradient, 128 GB)",4 GB RAM | 128 GB ROM | Expandable Upto 256 GB,4.1
1050 mAh Battery,1.8MP Rear Camera,4.57 cm (1.8 inch) Display,105 Ratings , 10 Reviews,₹799,Blackbear B5 Nex,64 MB RAM | 64 MB ROM | Expandable Upto 16 GB,3.7
3300 mAh Battery,16MP + 13MP | 5MP Front Camera,15.24 cm (6 inch) Quad HD+ Display,"2,010 Ratings ", 392 Reviews,"₹24,999","LG V30+ (Black, 128 GB)",4 GB RAM | 128 GB ROM | Expandable Upto 2 TB,4.3
4000 mAh Li-polymer Battery,12MP + 5MP | 20MP Front Camera,15.7 cm (6.18 inch) Full HD+ Display,"25,176 Ratings "," 2,961 Reviews","₹22,999","POCO F1 (Rosso Red, 256 GB)",8 GB RAM | 256 GB ROM | Expandable Upto 256 GB,4.5
3000 mAh Battery,0.3MP Rear Camera,6.1 cm (2.4 inch) Display,651 Ratings , 70 Reviews,"₹1,425",Micromax X756,32 MB RAM | 32 MB ROM,4
1750 mAh Battery,0.08MP Rear Camera,6.1 cm (2.4 inch) Display,10 Ratings , 1 Reviews,"₹1,245",Karbonn K88,32 MB RAM | 32 MB ROM,3.7
4000 mAh Li-polymer Battery,12MP + 5MP | 20MP Front Camera,15.7 cm (6.18 inch) Full HD+ Display,"25,176 Ratings "," 2,961 Reviews","₹22,999","POCO F1 (Graphite Black, 256 GB)",8 GB RAM | 256 GB ROM | Expandable Upto 256 GB,4.5
4000 mAh Li-ion Battery,12MP + 5MP + 8MP | 32MP Front Camera,16.59 cm (6.53 inch) Full HD+ Display,"34,930 Ratings "," 2,944 Reviews","₹21,099","Vivo V15 (Aqua Blue, 64 GB)",6 GB RAM | 64 GB ROM | Expandable Upto 256 GB,4.4
4900 mAh Li-Polymer Battery,13MP Rear Camera | 5MP Front Camera,13.97 cm (5.5 inch) Full HD Display,"17,069 Ratings "," 3,278 Reviews","₹15,999","Lenovo VIBE P1 (Grey, 32 GB)",2 GB RAM | 32 GB ROM | Expandable Upto 128 GB,4.1
4000 mAh Lithium-ion Battery,64MP + 12MP + 12MP | 10MP Front Camera,15.75 cm (6.2 inch) Quad HD+ Display,100 Ratings , 20 Reviews,"₹70,499","Samsung Galaxy S20 (Cloud Blue, 128 GB)",8 GB RAM | 128 GB ROM | Expandable Upto 1 TB,4.4
1000 mAh Battery,0.3MP Rear Camera,4.57 cm (1.8 inch) Quarter QVGA Display,"1,258 Ratings ", 130 Reviews,"₹1,095",Itel It2171,32 MB RAM | 32 MB ROM | Expandable Upto 32 GB,4.1
3700 mAh Li-ion Battery,"48 Million Quad Pixel Sensor (12 Million Effective Pixel) + 8MP + 5MP, AI Triple Rear Camera | 32MP Front Camera",16.23 cm (6.39 inch) Full HD+ Display,"2,877 Ratings ", 249 Reviews,"₹28,450","Vivo V15 Pro (Ruby Red, 128 GB)",8 GB RAM | 128 GB ROM | Expandable Upto 256 GB,4.5
2500 mAh Battery,0.3MP Rear Camera,6.1 cm (2.4 inch) Display,100 Ratings , 17 Reviews,"₹1,399",Micromax X750,32 MB RAM | 32 MB ROM,4.3
800 mAh Battery,0.3MP Rear Camera,4.5 cm (1.77 inch) Display,134 Ratings , 17 Reviews,"₹1,080",Micromax X1i-Pop,56 MB RAM | 40 MB ROM,4.1
800 mAh Battery,0.3MP Rear Camera,4.57 cm (1.8 inch) Display,358 Ratings , 26 Reviews,"₹1,199",I Kall K18 New Combo of Two Mobiles,32 MB RAM | 64 MB ROM,3.6
1000 mAh Battery,0.3MP Rear Camera,4.57 cm (1.8 inch) QVGA Display,123 Ratings , 13 Reviews,"₹1,090",Itel it2172,32 MB RAM | 32 MB ROM | Expandable Upto 32 GB,4.1
850 mAh Battery,0.3MP Rear Camera,4.5 cm (1.77 inch) QVGA Display,"14,814 Ratings "," 1,341 Reviews",₹984,Kechaoda K66 Plus,32 MB RAM | 32 MB ROM,4.1
1000 mAh Battery,0.3MP Rear Camera,6.1 cm (2.4 inch) Display,68 Ratings , 6 Reviews,₹649,I Kall K 30,32 MB RAM | 64 MB ROM,3.8
1000 mAh Battery,0.3MP Rear Camera | 0MP Front Camera,4.57 cm (1.8 inch) QVGA Display,815 Ratings , 79 Reviews,"₹1,030",Itel It 2190,32 MB RAM | 32 MB ROM | Expandable Upto 32 GB,4.1
1750 mAh Battery,0.3MP Rear Camera,6.1 cm (2.4 inch) Display,217 Ratings , 31 Reviews,"₹1,286",Micromax X749,32 MB RAM | 32 MB ROM,4.2
3050 mAh Li-Ion Battery,13MP Rear Camera | 2MP Front Camera,12.7 cm (5 inch) Full HD Display,"14,993 Ratings "," 5,152 Reviews","₹13,999","MI3 (Metallic Grey, 16 GB)",2 GB RAM | 16 GB ROM,4.4
3010 mAh Battery,20MP + 12MP | 20MP Front Camera,15.21 cm (5.99 inch) Full HD+ Display,"2,568 Ratings ", 231 Reviews,"₹16,899","Mi A2 (Black, 128 GB)",6 GB RAM | 128 GB ROM,4.1
3340 mAh Battery,16MP + 2MP | 13MP + 2MP Dual Front Camera,14.99 cm (5.9 inch) Full HD+ Display,"69,474 Ratings "," 10,400 Reviews","₹19,999","Honor 9i (Prestige Gold, 64 GB)",4 GB RAM | 64 GB ROM | Expandable Upto 128 GB,4.3
1200 mAh Battery,2MP Rear Camera,6.1 cm (2.4 inch) QVGA Display,"25,015 Ratings "," 2,886 Reviews","₹3,847",Nokia 3310 DS,16 MB ROM | Expandable Upto 32 GB,3.8
1750 mAh Battery,0.8MP Rear Camera,7.11 cm (2.8 inch) Display,"2,803 Ratings ", 255 Reviews,"₹1,499",Karbonn K-Stylo,12 MB RAM | 32 MB ROM,3.9
2400 mAh Li-Polymer Battery,13MP Rear Camera | 5MP Front Camera,12.7 cm (5 inch) HD Display,"2,780 Ratings ", 618 Reviews,"₹8,990","Gionee F103 Pro (Grey, 16 GB)",3 GB RAM | 16 GB ROM | Expandable Upto 128 GB,3.9
2400 mAh Li-Polymer Battery,13MP Rear Camera | 5MP Front Camera,12.7 cm (5 inch) HD Display,"2,780 Ratings ", 618 Reviews,"₹9,599","Gionee F103 Pro (White, 16 GB)",3 GB RAM | 16 GB ROM | Expandable Upto 128 GB,3.9
950 mAh Battery,0.3MP Rear Camera,4.57 cm (1.8 inch) Display,39 Ratings , 3 Reviews,₹579,Gfive U331,32 MB RAM | 64 MB ROM | Expandable Upto 16 GB,3.4
800 mAh Battery,1.3MP Rear Camera,3.66 cm (1.44 inch) Display,7 Ratings , 1 Reviews,"₹1,249",Muphone M350,32 MB RAM | 32 MB ROM,4.4
3500 mAh Li-Ion Battery,13MP Rear Camera | 8MP Front Camera,12.7 cm (5 inch) Full HD Display,"4,289 Ratings ", 974 Reviews,"₹15,499","Lenovo Z2 Plus (Black, 32 GB)",3 GB RAM | 32 GB ROM,3.9
3000 mAh Battery,13MP + 2MP | 16MP Front Camera,14.83 cm (5.84 inches) Display,"2,23,771 Ratings "," 21,306 Reviews","₹15,999","Honor 9N (Sapphire Blue, 64 GB)",4 GB RAM | 64 GB ROM | Expandable Upto 256 GB,4.3
3000 mAh Battery,13MP Rear Camera | 8MP Front Camera,13.21 cm (5.2 inch) HD Display,909 Ratings , 166 Reviews,"₹11,990","Nokia 5 (Tempered Blue, 16 GB)",2 GB RAM | 16 GB ROM | Expandable Upto 128 GB,4
950 mAh Battery,0.3MP Rear Camera,4.57 cm (1.8 inch) Display,51 Ratings , 5 Reviews,"₹1,149",Gfive U106 Combo of Two,32 MB RAM | 64 MB ROM | Expandable Upto 16 GB,3.6
950 mAh Battery,0.3MP Rear Camera,4.57 cm (1.8 inch) Display,51 Ratings , 5 Reviews,"₹1,149",Gfive U106 Combo of Two,32 MB RAM | 64 MB ROM | Expandable Upto 16 GB,3.6
800 mAh Battery,1.3MP Rear Camera,3.66 cm (1.44 inch) Display,7 Ratings , 1 Reviews,₹890,Muphone M350,32 MB RAM | 32 MB ROM,4.4
800 mAh Battery,1.3MP Rear Camera,3.66 cm (1.44 inch) Display,7 Ratings , 1 Reviews,₹890,Muphone M350,32 MB RAM | 32 MB ROM,4.4
800 mAh Battery,1.3MP Rear Camera,3.66 cm (1.44 inch) Display,7 Ratings , 1 Reviews,₹890,Muphone M350,32 MB RAM | 32 MB ROM,4.4
5000 mAh Battery,48MP + 8MP + 2MP + 2MP | 16MP Front Camera,16.51 cm (6.5 inch) Display,"11,147 Ratings ", 928 Reviews,"₹18,990","OPPO A9 2020 (Space Purple, 128 GB)",4 GB RAM | 128 GB ROM,4.4
1000 mAh Battery,0.3MP Rear Camera,4.57 cm (1.8 inch) Display,,,₹849,Tork X1,32 MB RAM | 32 MB ROM | Expandable Upto 8 GB,
800 mAh Battery,0.3MP Rear Camera,4.57 cm (1.8 inch) Display,710 Ratings , 63 Reviews,₹899,Karbonn KX1,32 MB RAM | 32 MB ROM | Expandable Upto 32 GB,3.9
1000 mAh Battery,0.1MP Rear Camera,3.56 cm (1.4 inch) Display,12 Ratings , 0 Reviews,₹890,GAMMA K1 Nano,32 MB RAM | 32 MB ROM,3.5
1800 mAh Battery,0.03MP + 0MP | 0MP Front Camera,4.57 cm (1.8 inch) QVGA Display,7 Ratings , 1 Reviews,₹899,Jivi X606 Plus,5 MB RAM | 32 MB ROM | Expandable Upto 128 GB,3.3
2500 mAh Battery,1.3MP Rear Camera,6.1 cm (2.4 inch) QVGA Display,297 Ratings , 28 Reviews,"₹1,619",Lava 34 Plus,32 MB RAM | 32 MB ROM | Expandable Upto 32 GB,4.2
3000 mAh Battery,13MP Rear Camera | 8MP Front Camera,13.97 cm (5.5 inch) Full HD Display,"13,135 Ratings "," 2,774 Reviews","₹19,999","Asus Zenfone 3 Laser (Silver, 32 GB)",4 GB RAM | 32 GB ROM | Expandable Upto 128 GB,4
3060 mAh Battery,13MP + 5MP | 8MP Front Camera,14.73 cm (5.8 inch) HD+ Display,154 Ratings , 10 Reviews,"₹15,290","Nokia 5.1 Plus (Black, 64 GB)",4 GB RAM | 64 GB ROM,4.1
3000 mAh Battery,16MP Rear Camera | 5MP Front Camera,13.97 cm (5.5 inch) Full HD+ Display,8 Ratings , 2 Reviews,"₹13,999","LG Q7+ (Black, 64 GB)",4 GB RAM | 64 GB ROM | Expandable Upto 512 GB,3.9
1000 mAh Battery,0.3MP Rear Camera,6.1 cm (2.4 inch) QVGA Display,77 Ratings , 8 Reviews,₹899,Tork T13 Banana,32 MB RAM | 32 MB ROM | Expandable Upto 8 GB,4
950 mAh Battery,0.3MP Rear Camera,4.57 cm (1.8 inch) Display,41 Ratings , 2 Reviews,"₹1,149",Gfive U331 & U106 Combo of Two,32 MB RAM | 64 MB ROM | Expandable Upto 16 GB,3.5
950 mAh Battery,0.3MP Rear Camera,4.57 cm (1.8 inch) Display,41 Ratings , 2 Reviews,"₹1,149",Gfive U331 & U106 Combo of Two,32 MB RAM | 64 MB ROM | Expandable Upto 16 GB,3.5
950 mAh Battery,0.3MP Rear Camera,4.57 cm (1.8 inch) Display,41 Ratings , 2 Reviews,"₹1,149",Gfive U331 & U106 Combo of Two,32 MB RAM | 64 MB ROM | Expandable Upto 16 GB,3.5
950 mAh Battery,0.3MP Rear Camera,4.57 cm (1.8 inch) Display,41 Ratings , 2 Reviews,"₹1,149",Gfive U331 & U106 Combo of Two,32 MB RAM | 64 MB ROM | Expandable Upto 16 GB,3.5
950 mAh Battery,0.3MP Rear Camera,4.57 cm (1.8 inch) Display,41 Ratings , 2 Reviews,"₹1,149",Gfive U331 & U106 Combo of Two,32 MB RAM | 64 MB ROM | Expandable Upto 16 GB,3.5
950 mAh Battery,0.3MP Rear Camera,4.57 cm (1.8 inch) Display,41 Ratings , 2 Reviews,"₹1,149",Gfive U331 & U106 Combo of Two,32 MB RAM | 64 MB ROM | Expandable Upto 16 GB,3.5
950 mAh Battery,0.3MP Rear Camera,4.57 cm (1.8 inch) Display,41 Ratings , 2 Reviews,"₹1,149",Gfive U331 & U106 Combo of Two,32 MB RAM | 64 MB ROM | Expandable Upto 16 GB,3.5
1800 mAh Battery,1.3MP Rear Camera,6.1 cm (2.4 inch) Display,61 Ratings , 13 Reviews,₹899,Salora Coral,32 MB RAM | 32 MB ROM,3.6
400 mAh Battery,0.3MP Rear Camera,4.5 cm (1.77 inch) Display,"2,417 Ratings ", 193 Reviews,₹985,Kechaoda K116 Plus,256 MB RAM | 32 MB ROM,4
1000 mAh Battery,1.3MP Rear Camera,4.57 cm (1.8 inch) VGA Display,3 Ratings , 1 Reviews,₹749,Ssky S-40 Prime,32 MB RAM | 32 MB ROM | Expandable Upto 32 GB,3.7
850 mAh Battery,0.3MP Rear Camera,3.66 cm (1.44 inch) Display,"3,682 Ratings ", 404 Reviews,₹944,Kechaoda K115,256 MB RAM | 50 MB ROM,4.1
3500 mAh Battery,16MP Rear Camera,16.26 cm (6.4 inch) Display,,,"₹21,999","OPPO R17 (Neon Purple, 128 GB)",8 GB RAM | 128 GB ROM,
3500 mAh Battery,16MP Rear Camera,16.26 cm (6.4 inch) Display,,,"₹21,999","OPPO R17 (Ambient Blue, 128 GB)",8 GB RAM | 128 GB ROM,
3000 mAh Li-Polymer Battery,13MP Rear Camera | 5MP Front Camera,13.97 cm (5.5 inch) HD Display,"7,604 Ratings "," 1,105 Reviews","₹12,999","Asus Zenfone 2 Laser (Black, 16 GB)",3 GB RAM | 16 GB ROM | Expandable Upto 128 GB,4.1
2500 mAh Battery,0.3MP Rear Camera,6.1 cm (2.4 inch) Display,100 Ratings , 9 Reviews,"₹1,299",Itel IT 5617,32 MB RAM | 32 MB ROM,3.9
3180 mAh Battery,13MP Rear Camera | 8MP Front Camera,14.48 cm (5.7 inch) Display,"9,631 Ratings "," 1,039 Reviews","₹14,499","OPPO A83 (2018 Edition) (Champagne, 64 GB)",4 GB RAM | 64 GB ROM,4.3
2100 mAh Li-ion Battery,8MP Rear Camera | 1.9MP Front Camera,12.19 cm (4.8 inch) HD Display,"13,160 Ratings "," 1,417 Reviews","₹22,140","Samsung Galaxy S3 Neo (Marble White, 16 GB)",1.5 GB RAM | 16 GB ROM | Expandable Upto 64 GB,4.2
1200 mAh Battery,2MP Rear Camera,6.1 cm (2.4 inch) QVGA Display,"25,015 Ratings "," 2,886 Reviews","₹3,580",Nokia 3310 DS,16 MB ROM | Expandable Upto 32 GB,3.8
1000 mAh Battery,0.03MP + 0MP | 0MP Front Camera,6.1 cm (2.4 inch) QVGA Display,17 Ratings , 1 Reviews,₹949,Jivi N300 New,5 MB RAM | 32 MB ROM,3.8
1000 mAh Battery,0.03MP + 0MP | 0MP Front Camera,6.1 cm (2.4 inch) QVGA Display,17 Ratings , 1 Reviews,"₹1,049",Jivi N300 New,5 MB RAM | 32 MB ROM,3.8
3500 mAh Battery,13MP + 8MP | 16MP Front Camera,15.75 cm (6.2 inch) HD+ Display,155 Ratings , 14 Reviews,"₹7,599","Tecno Camon i4 (Nebula Black, 32 GB)",2 GB RAM | 32 GB ROM | Expandable Upto 256 GB,4.1
1000 mAh Battery,0.3MP Rear Camera,3.56 cm (1.4 inch) Display,"1,776 Ratings ", 138 Reviews,₹935,Kechaoda K33,32 MB RAM | 32 MB ROM,4.1
4000 mAh Battery,48MP + 8MP + 2MP + 2MP | 16MP Front Camera,16.51 cm (6.5 inch) Display,"4,526 Ratings ", 517 Reviews,"₹29,999","OPPO Reno2 Z (Luminous Black, 256 GB)",8 GB RAM | 256 GB ROM | Expandable Upto 256 GB,4.5
3000 mAh Battery,12MP + 12MP | 8MP Front Camera,13.21 cm (5.2 inch) Full HD Display,841 Ratings , 273 Reviews,"₹39,999","Huawei P9 (Titanium Grey, 32 GB)",3 GB RAM | 32 GB ROM | Expandable Upto 128 GB,4.5
2510 mAh Battery,16MP Rear Camera | 5MP Front Camera,15.75 cm (6.2 inch) Display,43 Ratings , 5 Reviews,"₹1,24,999","Motorola Razr (Gold, 128 GB)",6 GB RAM | 128 GB ROM,3.9
1750 mAh Battery,0.3MP Rear Camera,4.5 cm (1.77 inch) Display,"3,075 Ratings ", 297 Reviews,"₹1,037",Micromax X512,56 MB RAM | 24 MB ROM,3.9
3200 mAh Battery,16MP Rear Camera | 20MP Front Camera,15.24 cm (6 inch) Full HD+ Display,"5,713 Ratings ", 982 Reviews,"₹19,990","OPPO F5 (Gold, 32 GB)",4 GB RAM | 32 GB ROM | Expandable Upto 256 GB,4.4
3000 mAh Battery,12MP + 12MP | 8MP Front Camera,13.21 cm (5.2 inch) Full HD Display,841 Ratings , 273 Reviews,"₹39,999","Huawei P9 (Prestige Gold, 32 GB)",3 GB RAM | 32 GB ROM | Expandable Upto 128 GB,4.5
4000 mAh Lithium-ion Battery,13MP + 2MP | 5MP Front Camera,14.48 cm (5.7 inch) HD+ Display,"2,361 Ratings ", 137 Reviews,"₹9,990","Samsung Galaxy M01 (Blue, 32 GB)",3 GB RAM | 32 GB ROM | Expandable Upto 512 GB,4.3
800 mAh Battery,0.3MP Rear Camera,4.5 cm (1.77 inch) Display,"10,618 Ratings "," 1,028 Reviews",₹949,Lava A1,4 MB RAM | 24 MB ROM | Expandable Upto 32 GB,4.1
800 mAh Battery,0.3MP Rear Camera,4.5 cm (1.77 inch) Display,"10,618 Ratings "," 1,028 Reviews",₹949,Lava A1,4 MB RAM | 24 MB ROM | Expandable Upto 32 GB,4.1
5000 mAh Battery,13MP + 2MP + 8MP | 16MP Front Camera,16.13 cm (6.35 inch) HD+ Display,"18,543 Ratings "," 1,332 Reviews","₹12,900","Vivo Y15 (Aqua Blue, 64 GB)",4 GB RAM | 64 GB ROM | Expandable Upto 256 GB,4.4
3200 mAh Battery,13MP Rear Camera | 16MP + 8MP Dual Front Camera,13.97 cm (5.5 inch) Full HD Display,"52,318 Ratings "," 8,815 Reviews","₹20,990","OPPO F3 (Gold, 64 GB)",4 GB RAM | 64 GB ROM | Expandable Upto 128 GB,4.3
5000 mAh Lithium-ion Battery,108MP + 16MP + 8MP | 25MP Front Camera,17.02 cm (6.7 inch) Full HD+ Display,73 Ratings , 18 Reviews,"₹74,999","Motorola Edge+ (Thunder Grey, 256 GB)",12 GB RAM | 256 GB ROM,4.2
1000 mAh Battery,0.3MP Rear Camera | 0.3MP Front Camera,4.57 cm (1.8 inch) Display,"1,062 Ratings ", 91 Reviews,"₹1,299",I Kall K3312 Combo,32 MB RAM | 64 MB ROM | Expandable Upto 8 GB,3.5
3080 mAh Li Polymer Battery,12MP + 5MP | 16MP Front Camera,15.21 cm (5.99 inch) HD+ Display,"1,16,569 Ratings "," 7,963 Reviews","₹8,689","Redmi Y2 (Rose Gold, 32 GB)",3 GB RAM | 32 GB ROM | Expandable Upto 256 GB,4.5
3200 mAh Battery,13MP Rear Camera | 2.1MP Front Camera,14.99 cm (5.9 inch) Full HD Display,244 Ratings , 75 Reviews,"₹42,021","LG G Pro 2 (Titan, 16 GB)",3 GB RAM | 16 GB ROM | Expandable Upto 64 GB,4.6
1750 mAh Battery,1.3MP Rear Camera,5.33 cm (2.1 inch) Display,7 Ratings , 0 Reviews,"₹1,199",Jivi N444,24 MB RAM | 24 MB ROM,3.1
1000 mAh Battery,0.03MP + 0MP | 0MP Front Camera,4.57 cm (1.8 inch) QVGA Display,5 Ratings , 2 Reviews,₹869,Jivi R21Plus,1 MB RAM | 16 MB ROM | Expandable Upto 128 MB,4.2
950 mAh Battery,0.3MP Rear Camera,4.57 cm (1.8 inch) Display,23 Ratings , 1 Reviews,"₹1,149",Gfive U331 Combo of Two,32 MB RAM | 64 MB ROM | Expandable Upto 16 GB,3.6
4000 mAh Li-polymer Battery,12MP + 5MP | 20MP Front Camera,15.7 cm (6.18 inch) Full HD+ Display,"2,39,061 Ratings "," 29,822 Reviews","₹19,999","POCO F1 (Graphite Black, 64 GB)",6 GB RAM | 64 GB ROM | Expandable Upto 256 GB,4.5
3500 mAh Battery,12MP (Dual Aperture) + 12MP + 16MP | 10MP Front Camera,16.0 cm (6.3 inch) Display,248 Ratings , 35 Reviews,"₹75,000","Samsung Galaxy Note 10 (Aura Glow, 256 GB)",8 GB RAM | 256 GB ROM,4.5
1550 mAh Battery,1.8MP Rear Camera,5.08 cm (2 inch) Display,,,"₹4,599",Blackbear i7 Trio Combo of Three Mobiles,64 MB RAM | 64 MB ROM,
1000 mAh Battery,0.3MP Rear Camera,6.1 cm (2.4 inch) QVGA Display,244 Ratings , 17 Reviews,"₹1,199",Itel It 5022,32 MB RAM | 32 MB ROM | Expandable Upto 32 GB,4.2
3500 mAh Battery,12MP Rear Camera | 8MP Front Camera,15.75 cm (6.2 inch) Quad HD+ Display,"1,995 Ratings ", 341 Reviews,"₹53,990","Samsung Galaxy S8 Plus (Orchid Grey, 64 GB)",4 GB RAM | 64 GB ROM | Expandable Upto 256 GB,4.6
3500 mAh Battery,12MP Rear Camera | 8MP Front Camera,15.75 cm (6.2 inch) Quad HD+ Display,"1,995 Ratings ", 341 Reviews,"₹53,990","Samsung Galaxy S8 Plus (Maple Gold, 64 GB)",4 GB RAM | 64 GB ROM | Expandable Upto 256 GB,4.6
1050 mAh Battery,1.3MP Rear Camera,4.57 cm (1.8 inch) Display,10 Ratings , 0 Reviews,"₹1,149",Jmax M43 Combo of two,32 MB RAM | 32 MB ROM,4.1
4000 mAh Lithium-ion Battery,12MP + 12MP | 8MP Front Camera,16.26 cm (6.4 inch) Quad HD+ Display,"2,084 Ratings ", 273 Reviews,"₹73,600","Samsung Galaxy Note 9 (Alpine White, 128 GB)",6 GB RAM | 128 GB ROM | Expandable Upto 512 GB,4.6
3000 mAh Battery,16MP + 5MP | 8MP Front Camera,15.24 cm (6 inch) Full HD+ Display,"1,983 Ratings ", 356 Reviews,"₹10,999","Alcatel 3V (Spectrum Blue, 32 GB)",3 GB RAM | 32 GB ROM | Expandable Upto 128 GB,3.6
4780 mAh Battery,108MP Rear Camera | 20MP Front Camera,16.94 cm (6.67 inch) Display,13 Ratings , 0 Reviews,"₹51,990","Mi 10 (Coral Green, 256 GB)",8 GB RAM | 256 GB ROM,4.8
3000 mAh Battery,13MP Rear Camera | 20MP Front Camera,13.97 cm (5.5 inch) HD Display,"7,662 Ratings "," 1,292 Reviews","₹17,980","Vivo V5 (Crown gold, 32 GB)",4 GB RAM | 32 GB ROM | Expandable Upto 128 GB,4.3
2900 mAh Li-Ion Battery,13MP Rear Camera | 5MP Front Camera,13.97 cm (5.5 inch) Full HD Display,"2,19,060 Ratings "," 24,539 Reviews","₹9,999","Lenovo K3 Note (Yellow, 16 GB)",2 GB RAM | 16 GB ROM | Expandable Upto 32 GB,4
1450 mAh Battery,1.3MP Rear Camera | 0MP Front Camera,6.1 cm (2.4 inch) QVGA Display,147 Ratings , 21 Reviews,₹949,Jivi N3,32 MB RAM | 32 MB ROM | Expandable Upto 8 GB,4
4010 mAh Li-Ion Polymer Battery,13MP Rear Camera | 16MP Front Camera,13.97 cm (5.5 inch) Full HD Display,"5,781 Ratings "," 1,029 Reviews","₹21,499","Gionee A1 (Black, 64 GB)",4 GB RAM | 64 GB ROM | Expandable Upto 256 GB,4
1000 mAh Battery,0.1MP Rear Camera,7.11 cm (2.8 inch) Display,612 Ratings , 61 Reviews,"₹1,450",Micromax X811,32 MB RAM | 32 MB ROM,3.8
1000 mAh Battery,1.3MP Rear Camera,4.57 cm (1.8 inch) Display,76 Ratings , 15 Reviews,₹799,JIVI JFP R21,10 MB RAM | 512 KB ROM,3.4
800 mAh Battery,0.3MP Rear Camera,3.66 cm (1.44 inch) Display,20 Ratings , 3 Reviews,₹930,Kechaoda A32,32 MB RAM | 32 MB ROM,3.9
4000 mAh Li-polymer Battery,8MP Rear Camera | 5MP Front Camera,15.49 cm (6.1 inch) Display,"5,381 Ratings ", 315 Reviews,"₹7,490","OPPO A1K (Black, 32 GB)",2 GB RAM | 32 GB ROM | Expandable Upto 256 GB,4.4
2000 mAh Battery,8MP Rear Camera | 2MP Front Camera,11.94 cm (4.7 inch) HD Display,330 Ratings , 131 Reviews,"₹14,153","XOLO T1000 (Black, 4 GB)",1 GB RAM | 4 GB ROM | Expandable Upto 32 GB,3.8
3500 mAh Battery,12MP Rear Camera | 8MP Front Camera,15.75 cm (6.2 inch) Quad HD+ Display,"1,995 Ratings ", 341 Reviews,"₹53,990","Samsung Galaxy S8 Plus (Coral Blue, 64 GB)",4 GB RAM | 64 GB ROM | Expandable Upto 256 GB,4.6
1750 mAh Battery,0.3MP Rear Camera,4.5 cm (1.77 inch) Display,"3,483 Ratings ", 377 Reviews,"₹1,250",Micromax X516,32 MB RAM | 32 MB ROM,3.9
4300 mAh Battery,12MP (Dual Aperture) + 12MP + 16MP + TOF | 10MP Front Camera,17.27 cm (6.8 inch) Display,684 Ratings , 150 Reviews,"₹85,000","Samsung Galaxy Note 10 Plus (Aura Black, 256 GB)",12 GB RAM | 256 GB ROM | Expandable Upto 1 TB,4.6
3000 mAH Battery,12MP Rear Camera | 16MP Front Camera,13.97 cm (5.5 inch) Quad HD Display,386 Ratings , 125 Reviews,"₹53,990","HTC U11 (Solar Red, 128 GB)",6 GB RAM | 128 GB ROM,4.6
5020 mAh Li-Ion Polymer Battery,13MP Rear Camera | 5MP Front Camera,15.24 cm (6 inch) Full HD Display,216 Ratings , 27 Reviews,"₹26,999","Gionee Marathon M5 Plus (Champagne Gold, 64 GB)",3 GB RAM | 64 GB ROM | Expandable Upto 128 GB,4.1
1750 mAh Battery,0.3MP Rear Camera,6.1 cm (2.4 inch) Display,217 Ratings , 31 Reviews,"₹1,599",Micromax X749,32 MB RAM | 32 MB ROM,4.2
800 mAh Battery,1MP Rear Camera,4.5 cm (1.77 inch) Display,"6,144 Ratings ", 528 Reviews,₹999,Micromax X412,32 MB RAM | 32 MB ROM,3.9
2600 mAh Li-Polymer Battery,13MP Rear Camera | 13MP Front Camera,13.97 cm (5.5 inch) Full HD Display,"2,761 Ratings ", 456 Reviews,"₹27,990","HTC Desire 826 (Blue Lagoon, 16 GB)",2 GB RAM | 16 GB ROM | Expandable Upto 128 GB,3.7
4000 mAh Battery,48MP Rear Camera | 13MP Front Camera,16.0 cm (6.3 inch) Display,"10,578 Ratings ", 831 Reviews,"₹15,400","Redmi Note 8 (Cosmic Purple, 128 GB)",6 GB RAM | 128 GB ROM,4.4
1020 mAh Battery,0.3MP Rear Camera,6.1 cm (2.4 inch) VGA Display,"31,449 Ratings "," 3,102 Reviews","₹1,500",Nokia 150/150 DS,4 MB RAM | 4 MB ROM | Expandable Upto 32 GB,4.2
4000 mAh Battery,12MP Rear Camera,15.9 cm (6.26 inch) Display,"13,130 Ratings "," 1,025 Reviews","₹7,995","Redmi 7 (Comet Blue, 32 GB)",2 GB RAM | 32 GB ROM,4.3
1750 mAh Li-ion Battery,0.3MP Rear Camera,4.57 cm (1.8 inch) Quarter QVGA Display,444 Ratings , 48 Reviews,"₹1,249",Lava A1200,32 MB RAM | 24 MB ROM | Expandable Upto 32 GB,4.2
1200 mAh Lithium Battery,8MP Rear Camera | 2MP Front Camera,10.16 cm (4 inch) WVGA Display,50 Ratings , 13 Reviews,"₹12,999","Asus Padfone Mini (White, 8 GB)",1 GB RAM | 8 GB ROM | Expandable Upto 64 GB,3.5
4100 mAh Lithium-ion Battery,16MP + 12MP | 10MP + 8MP Dual Front Camera,16.26 cm (6.4 inch) Quad HD+ Display,"1,176 Ratings ", 125 Reviews,"₹73,800","Samsung Galaxy S10 Plus (Ceramic Black, 512 GB)",8 GB RAM | 512 GB ROM | Expandable Upto 512 GB,4.6
2540 mAh Battery,5MP Rear Camera | 0.3MP Front Camera,12.7 cm (5 inch) WVGA Display,70 Ratings , 13 Reviews,"₹14,162","LG L 80 Dual (White, 4 GB)",1 GB RAM | 4 GB ROM | Expandable Upto 32 GB,3.7
2800 mAh Battery,8MP Rear Camera | 5MP Front Camera,12.7 cm (5 inch) HD Display,"1,513 Ratings ", 172 Reviews,"₹8,499","Moto E 4th Gen (Iron Gray, 16 GB)",2 GB RAM | 16 GB ROM | Expandable Upto 32 GB,4
1000 mAh Battery,0.3MP Rear Camera,4.57 cm (1.8 inch) Display,12 Ratings , 0 Reviews,"₹1,099",Gfive L228,32 MB RAM | 32 MB ROM,3.8
2540 mAh Li-Ion Battery,8MP Rear Camera | 0.3MP Front Camera,10.16 cm (4 inch) quarter HD Display,443 Ratings , 145 Reviews,"₹15,532","LG L90 Dual (White, 8 GB)",1 GB RAM | 8 GB ROM | Expandable Upto 32 GB,4.2
2500 mAh Battery,1.3MP Rear Camera,6.1 cm (2.4 inch) QVGA Display,779 Ratings , 87 Reviews,"₹1,699",Lava 34 Super,32 MB RAM | 32 MB ROM | Expandable Upto 32 GB,4
800 mAh Battery,0.08MP Rear Camera,4.57 cm (1.8 inch) Display,19 Ratings , 3 Reviews,₹599,MTR Shakti,32 MB RAM | 32 MB ROM,4.2
800 mAh Battery,0.08MP Rear Camera,4.5 cm (1.77 inch) Display,19 Ratings , 3 Reviews,₹599,MTR Shakti,32 MB RAM | 32 MB ROM,4.2
3000 mAh Battery,0.3MP Rear Camera,6.1 cm (2.4 inch) QVGA Display,615 Ratings , 79 Reviews,"₹1,549",Itel Muzik 400,4 MB RAM | 4 MB ROM | Expandable Upto 32 GB,4.1
2970 mAh Battery,16MP Rear Camera,13.97 cm (5.5 inch) Display,328 Ratings , 22 Reviews,"₹12,450","Nokia 5.1 (Black, 32 GB)",3 GB RAM | 32 GB ROM,4
800 mAh Battery,0.3MP Rear Camera,4.57 cm (1.8 inch) Display,710 Ratings , 63 Reviews,₹785,Karbonn KX1,32 MB RAM | 32 MB ROM,3.9
4000 mAh Li-polymer Battery,48MP + 5MP | 16MP Front Camera,16.51 cm (6.5 inch) Full HD+ Display,"1,17,059 Ratings "," 11,254 Reviews","₹19,999","OPPO F11 Pro (Aurora Green, 64 GB)",6 GB RAM | 64 GB ROM | Expandable Upto 256 GB,4.4
3000 mAh Li-Polymer Battery,13MP Rear Camera | 13MP Front Camera,13.97 cm (5.5 inch) Full HD Display,"6,566 Ratings ", 895 Reviews,"₹14,999","Asus Zenfone Selfie (Silver, 16 GB)",2 GB RAM | 16 GB ROM | Expandable Upto 128 GB,3.9
1000 mAh Battery,0.3MP Rear Camera,6.1 cm (2.4 inch) QVGA Display,"6,497 Ratings ", 755 Reviews,"₹1,399",Lava One,32 MB RAM | 25 MB ROM | Expandable Upto 32 GB,4.1
4000 mAh Lithium-ion Battery,12MP + 12MP | 8MP Front Camera,16.26 cm (6.4 inch) Quad HD+ Display,"2,084 Ratings ", 273 Reviews,"₹73,600","Samsung Galaxy Note 9 (Metallic Copper, 128 GB)",6 GB RAM | 128 GB ROM | Expandable Upto 512 GB,4.6
1000 mAh Li-ion Battery,0.3MP Rear Camera,6.1 cm (2.4 inch) QVGA Display,977 Ratings , 107 Reviews,"₹1,349",Lava A5,32 MB RAM | 24 MB ROM | Expandable Upto 32 GB,4.1
800 mAh Battery,0.3MP Rear Camera,4.57 cm (1.8 inch) VGA Display,100 Ratings , 9 Reviews,"₹1,198",I Kall K22 Combo of Two Mobiles,32 MB RAM | 64 MB ROM,3.4
1000 mAh Battery,0.3MP Rear Camera,4.57 cm (1.8 inch) Display,"1,111 Ratings ", 103 Reviews,"₹1,199",I Kall K25 Combo of Two Mobiles,32 MB RAM | 64 MB ROM,3.5
2500 mAh Battery,1.3MP Rear Camera,6.1 cm (2.4 inch) Display,139 Ratings , 11 Reviews,"₹1,710",Lava 34 SUPER,512 MB RAM | 32 GB ROM,3.9
3000 mAh Li-Ion Battery,13MP Rear Camera | 20MP Front Camera,13.97 cm (5.5 inch) HD Display,"15,586 Ratings "," 2,719 Reviews","₹18,990","Vivo V5s Perfect Selfie (Crown Gold, 64 GB)",4 GB RAM | 64 GB ROM | Expandable Upto 256 GB,4.3
1000 mAh Battery,0.3MP Rear Camera,4.57 cm (1.8 inch) Display,4 Ratings , 1 Reviews,"₹1,099",Heemax H1Shine Combo of Two Mobiles,32 MB RAM | 32 MB ROM,3
1000 mAh Battery,0.3MP Rear Camera,4.57 cm (1.8 inch) Display,4 Ratings , 1 Reviews,"₹1,099",Heemax H1Shine Combo of Two Mobiles,32 MB RAM | 32 MB ROM,3
4500 mAh Lithium Ion Battery,64MP + 5MP + 8MP | 32MP Front Camera,17.02 cm (6.7 inch) Full HD+ Display,931 Ratings , 124 Reviews,"₹25,990","Samsung Galaxy A70s (Prism Crush Red, 128 GB)",6 GB RAM | 128 GB ROM | Expandable Upto 512 GB,4.2
1000 mAh Battery,0.3MP Rear Camera,4.57 cm (1.8 inch) Display,679 Ratings , 81 Reviews,₹580,EcoTel E12,32 MB RAM | 64 MB ROM,3.3
700 mAh Battery,0.3MP Rear Camera,3.66 cm (1.44 inch) Display,303 Ratings , 17 Reviews,₹980,MU M370,32 MB RAM | 32 MB ROM,4.4
1400 mAh Battery,0.3MP Rear Camera,6.1 cm (2.4 inch) QVGA Display,9 Ratings , 1 Reviews,₹849,F-Fook F22,1 MB RAM | 20 KB ROM | Expandable Upto 16 GB,3.6
800 mAh Battery,0.3MP Rear Camera,4.57 cm (1.8 inch) Display,322 Ratings , 19 Reviews,₹595,Callbar A35S,0 MB ROM,3.4
1800 mAh Battery,0.3MP Rear Camera,6.1 cm (2.4 inch) Display,36 Ratings , 2 Reviews,"₹1,899",I Kall K36 Combo of Two Mobiles,32 MB RAM | 64 MB ROM,3.1
1050 mAh Battery,0.3MP + 0.3MP,4.57 cm (1.8 inch) QVGA Display,18 Ratings , 2 Reviews,₹799,Forme Duos N1,32 MB RAM | 32 MB ROM | Expandable Upto 16 GB,3.3
850 mAh Battery,0.3MP Rear Camera,4.57 cm (1.8 inch) Display,"1,582 Ratings ", 209 Reviews,₹750,Peace P1,32 MB RAM | 32 MB ROM,3.6
1000 mAh Battery,0.3MP Rear Camera,4.57 cm (1.8 inch) Display,758 Ratings , 91 Reviews,"₹1,099",I Kall K99 Combo Of Two Mobile,32 MB RAM | 64 MB ROM | Expandable Upto 8 GB,3.5
800 mAh Battery,0.3MP Rear Camera,4.57 cm (1.8 inch) Display,12 Ratings , 1 Reviews,₹649,I Kall K 46,32 MB RAM | 64 MB ROM,3.8
4000 mAh Li Polymer Battery,12MP + 5MP | 20MP Front Camera,15.21 cm (5.99 inch) Full HD+ Display,"2,54,093 Ratings "," 25,272 Reviews","₹13,999","Redmi Note 5 Pro (Black, 64 GB)",6 GB RAM | 64 GB ROM | Expandable Upto 128 GB,4.5
1500 mAh Battery,0.3MP Rear Camera,7.11 cm (2.8 inch) Display,129 Ratings , 13 Reviews,₹999,Detel D1 MAX,32 MB RAM | 512 MB ROM,3.6
1000 mAh Battery,0.3MP Rear Camera,4.57 cm (1.8 inch) Display,6 Ratings , 1 Reviews,₹999,ITEL 2171,32 MB RAM | 32 MB ROM,3
1000 mAh Battery,1.3MP Rear Camera,4.5 cm (1.77 inch) Display,702 Ratings , 106 Reviews,₹673,Trio T3 Selfie,32 MB RAM | 64 MB ROM,3.3
1000 mAh Battery,0.3MP Rear Camera,4.57 cm (1.8 inch) Display,3 Ratings , 0 Reviews,"₹1,099",Heemax H2 Combo of Two mobiles,32 MB RAM | 32 MB ROM,2.3
2600 mAh Lithium-ion Battery,8MP Rear Camera | 5MP Front Camera,12.7 cm (5 inch) quarter HD Display,"7,066 Ratings ", 575 Reviews,"₹6,990","Samsung Galaxy J2 Core (Black, 16 GB)",1 GB RAM | 16 GB ROM | Expandable Upto 256 GB,4.2
4030 mAh Battery,13MP + 2MP | 8MP Front Camera,15.8 cm (6.22 inch) HD+ Display,"14,662 Ratings "," 1,081 Reviews","₹8,389","Vivo Y91 (Nebula Purple, 32 GB)",3 GB RAM | 32 GB ROM | Expandable Upto 256 GB,4.4
1000 mAh Battery,0.3MP Rear Camera,4.57 cm (1.8 inch) Display,9 Ratings , 2 Reviews,₹535,Ecotel E17,32 MB RAM | 64 MB ROM,3.7
1700 mAh Battery,0.3MP Rear Camera | 0.3MP Front Camera,7.11 cm (2.8 inch) QVGA Display,130 Ratings , 14 Reviews,"₹1,300",Kechaoda K35,32 MB RAM | 32 MB ROM | Expandable Upto 16 GB,4
3500 mAh Battery,13MP + 8MP | 16MP Front Camera,15.75 cm (6.2 inch) HD+ Display,129 Ratings , 15 Reviews,"₹13,499","Tecno Camon i4 (Midnight Black, 64 GB)",4 GB RAM | 64 GB ROM | Expandable Upto 256 GB,4.3
4230 mAh Battery,13MP + 2MP | 16MP Front Camera,15.75 cm (6.2 inch) HD+ Display,"2,475 Ratings ", 196 Reviews,"₹16,869","OPPO A7 (Glaze Blue, 64 GB)",3 GB RAM | 64 GB ROM | Expandable Upto 256 GB,4.3
1000 mAh Battery,0.3MP Rear Camera,4.57 cm (1.8 inch) Display,,,"₹1,099",Heemax H7 Combo of Two Mobiles,32 MB RAM | 32 MB ROM,
800 mAh Battery,0.03MP Rear Camera,4.5 cm (1.77 inch) Display,690 Ratings , 77 Reviews,₹559,Q-Tel Q7,32 MB RAM | 32 MB ROM,3.4
4230 mAh Battery,13MP + 2MP | 16MP Front Camera,15.75 cm (6.2 inch) HD+ Display,"17,945 Ratings "," 1,278 Reviews","₹17,500","OPPO A7 (Glaze Blue, 64 GB)",4 GB RAM | 64 GB ROM | Expandable Upto 256 GB,4.4
800 mAh Battery,0.03MP Rear Camera,4.5 cm (1.77 inch) Display,690 Ratings , 77 Reviews,₹559,Q-Tel Q7,32 MB RAM | 32 MB ROM,3.4
800 mAh Battery,0.03MP Rear Camera,4.5 cm (1.77 inch) Display,690 Ratings , 77 Reviews,₹559,Q-Tel Q7,32 MB RAM | 32 MB ROM,3.4
800 mAh Battery,1.3MP Rear Camera | 0.3MP Front Camera,6.1 cm (2.4 inch) QVGA Display,175 Ratings , 24 Reviews,₹899,JIVI N201 Selfie,0.032 MB RAM | Expandable Upto 8 GB,3.8
1750 mAh Battery,0.3MP Rear Camera,6.1 cm (2.4 inch) QVGA Display,"4,584 Ratings ", 563 Reviews,"₹1,599",Lava A7,32 MB RAM | 24 MB ROM | Expandable Upto 32 GB,4.2
1000 mAh Battery,0.3MP Rear Camera,4.57 cm (1.8 inch) Display,7 Ratings , 2 Reviews,₹569,Heemax H8,512 MB RAM | 32 MB ROM,2.7
1500 mAh Battery,1.3MP Rear Camera,4.57 cm (1.8 inch) Display,301 Ratings , 39 Reviews,₹950,Reach Champ i,32 MB RAM | 32 MB ROM,3.5
800 mAh Battery,0.3MP Rear Camera,4.57 cm (1.8 inch) Display,55 Ratings , 6 Reviews,₹650,MTR MT 310,64 MB RAM | 64 MB ROM,3.8
1000 mAh Battery,1.3MP Rear Camera | 0.3MP Front Camera,4.57 cm (1.8 inch) Display,552 Ratings , 96 Reviews,₹950,InFocus Hero Selfie C1,32 MB RAM | 32 MB ROM,3.9
600 mAh Battery,2MP Rear Camera,4.57 cm (1.8 inch) HD Display,6 Ratings , 0 Reviews,₹659,Vow V103,32 MB RAM | 32 MB ROM,3
1200 mAh Battery,0.3MP Rear Camera,6.1 cm (2.4 inch) NA Display,204 Ratings , 9 Reviews,"₹1,273",ITEL IT5025,32 MB RAM | 32 MB ROM | Expandable Upto 8 GB,4
3000 mAh Battery,0.3MP Rear Camera,6.1 cm (2.4 inch) Display,"5,151 Ratings ", 629 Reviews,"₹1,199",Micromax X746,32 MB RAM | 32 MB ROM,4
2800 mAh Battery,0.3MP Rear Camera,6.1 cm (2.4 inch) Display,,,"₹1,299",Tork T27 Boom,32 MB RAM | 32 MB ROM,
800 mAh Battery,0.3MP Rear Camera,4.57 cm (1.8 inch) Display,6 Ratings , 0 Reviews,₹649,I Kall K-52,32 MB RAM | 64 MB ROM,3.7
1000 mAh Battery,1.3MP Rear Camera,6.1 cm (2.4 inch) Display,"1,007 Ratings ", 156 Reviews,₹715,Trio T6*,32 MB RAM | 256 MB ROM,3.3
2500 mAh Battery,0.3MP Rear Camera,6.1 cm (2.4 inch) Display,5 Ratings , 0 Reviews,₹999,Tork X5,32 MB RAM | 32 MB ROM | Expandable Upto 8 GB,3.2
2000 mAh Battery,0.3MP Rear Camera,6.1 cm (2.4 inch) Display,5 Ratings , 0 Reviews,"₹1,599",MTR Beat,64 MB RAM | 64 MB ROM,4.6
4230 mAh Battery,13MP + 2MP | 8MP Front Camera,15.75 cm (6.2 inch) HD+ Display,"3,819 Ratings ", 281 Reviews,"₹14,950","OPPO A5s (Green, 64 GB)",4 GB RAM | 64 GB ROM | Expandable Upto 256 GB,4.3
4000 mAh Lithium-ion Battery,25MP + 5MP + 8MP | 25MP Front Camera,16.26 cm (6.4 inch) Full HD+ Display,"10,309 Ratings ", 928 Reviews,"₹24,000","Samsung Galaxy A50 (Black, 64 GB)",6 GB RAM | 64 GB ROM | Expandable Upto 512 GB,4.4
850 mAh Battery,0.3MP Rear Camera,4.57 cm (1.8 inch) Display,539 Ratings , 85 Reviews,₹850,Peace FM1,64 MB RAM | 32 MB ROM,3.5
1000 mAh Battery,1.3MP Rear Camera,4.5 cm (1.77 inch) QVGA Display,"2,116 Ratings ", 298 Reviews,₹648,Trio T4 Flash,32 MB RAM | 64 MB ROM,3.5
3200 mAh Li-Po Battery,13MP + 2MP | 5MP Front Camera,14.5 cm (5.71 inch) Display,57 Ratings , 10 Reviews,"₹6,999","Lava Z71 (Ruby Red, 32 GB)",2 GB RAM | 32 GB ROM,3.6
850 mAh Battery,0.3MP Rear Camera,4.57 cm (1.8 inch) Display,834 Ratings , 84 Reviews,₹833,Peace P1 Wireless FM,32 MB RAM | 32 MB ROM,3.7
1400 mAh Battery,1.3MP Rear Camera,6.1 cm (2.4 inch) QVGA Display,"2,477 Ratings ", 339 Reviews,"₹1,489",Karbonn K-Phone 1,32 MB RAM | 32 MB ROM | Expandable Upto 8 GB,3.9
4000 mAh Lithium-ion Battery,12MP + 12MP | 8MP Front Camera,16.26 cm (6.4 inch) Quad HD+ Display,223 Ratings , 24 Reviews,"₹93,000","Samsung Galaxy Note 9 (Ocean Blue, 512 GB)",8 GB RAM | 512 GB ROM | Expandable Upto 512 GB,4.6
1000 mAh Battery,0.08MP Rear Camera,4.57 cm (1.8 inch) Display,92 Ratings , 12 Reviews,₹899,Niamia Cad 4,32 MB RAM | 32 MB ROM,4.1
1000 mAh Battery,0.3MP Rear Camera,6.1 cm (2.4 inch) VGA Display,68 Ratings , 6 Reviews,"₹1,299",I kall k 30,32 MB RAM | 32 MB ROM,3.8
2000 mAh Battery,0.3MP Rear Camera,6.1 cm (2.4 inch) Display,7 Ratings , 2 Reviews,"₹1,300",MTR Bullet,64 MB RAM | 64 MB ROM,4.1
800 mAh Battery,0.03MP Rear Camera,4.5 cm (1.77 inch) Display,610 Ratings , 63 Reviews,₹559,Q-Tel Q8,32 MB RAM | 32 MB ROM,3.4
4000 mAh Li-polymer Battery,12MP + 2MP | 13MP Front Camera,16.0 cm (6.3 inch) Full HD+ Display,"1,74,689 Ratings "," 16,458 Reviews","₹15,499","Redmi Note 7 (Sapphire Blue, 64 GB)",4 GB RAM | 64 GB ROM | Expandable Upto 256 GB,4.5
1050 mAh Battery,0.8MP Rear Camera,4.57 cm (1.8 inch) Display,179 Ratings , 26 Reviews,₹699,Gfive Classic,16 MB RAM | 16 MB ROM,3.8
4000 mAh Li Polymer Battery,12MP + 5MP | 20MP Front Camera,15.21 cm (5.99 inch) Full HD+ Display,"2,54,093 Ratings "," 25,272 Reviews","₹11,699","Redmi Note 5 Pro (Gold, 64 GB)",6 GB RAM | 64 GB ROM | Expandable Upto 128 GB,4.5
1200 mAh Battery,0.3MP Rear Camera,6.1 cm (2.4 inch) Display,5 Ratings , 0 Reviews,"₹1,499",MTR MT Bullet,64 MB RAM | 64 MB ROM,4.2
2000 mAh Battery,0.3MP Rear Camera,6.1 cm (2.4 inch) Display,7 Ratings , 2 Reviews,"₹1,049",MTR Bullet,64 MB RAM | 64 MB ROM,4.1
1500 mAh Battery,2MP Rear Camera,10.16 cm (4 inch) Display,63 Ratings , 8 Reviews,"₹3,100","Itel 1409 (Black & Gold, 8 GB)",512 MB RAM | 8 GB ROM,3.7
3500 mAh Battery,13MP + 5MP,15.24 cm (6 inch) Display,"3,790 Ratings ", 444 Reviews,"₹12,650","Nokia 3.1 Plus (Blue, 32 GB)",3 GB RAM | 32 GB ROM,4.2
4050 mAh Battery,16MP Rear Camera,15.77 cm (6.21 inch) Display,62 Ratings , 13 Reviews,"₹14,990","LG W30 Pro (Midnight Blue, 64GB GB)",4 GB RAM | 64GB GB ROM,4
850 mAh Battery,0.3MP Rear Camera,4.57 cm (1.8 inch) Quarter QVGA Display,17 Ratings , 3 Reviews,"₹1,499",Peace FM1 Combo of Two Mobiles,32 MB RAM | 64 MB ROM | Expandable Upto 16 GB,2.8
850 mAh Battery,0.3MP Rear Camera,4.57 cm (1.8 inch) Quarter QVGA Display,17 Ratings , 3 Reviews,"₹1,500",Peace FM1 Combo of Two Mobiles,32 MB RAM | 64 MB ROM | Expandable Upto 16 GB,2.8
1750 mAh Battery,1.3MP Rear Camera,7.11 cm (2.8 inch) QVGA Display,231 Ratings , 24 Reviews,"₹1,699",Lava Gem,32 MB RAM | 32 MB ROM | Expandable Upto 32 GB,4.2
800 mAh Battery,1.3MP Rear Camera,4.57 cm (1.8 inch) QVGA Display,575 Ratings , 62 Reviews,₹649,nuvo One,32 MB RAM | Expandable Upto 16 GB,3.8
1750 mAh Battery,2MP Rear Camera | 2MP Front Camera,10.16 cm (4 inch) Display,617 Ratings , 95 Reviews,"₹2,749","Zen Admire Shine (Champagne, 8 GB)",1 GB RAM | 8 GB ROM | Expandable Upto 32 GB,3.6
1000 mAh Battery,0.3MP Rear Camera,4.57 cm (1.8 inch) Display,4 Ratings , 0 Reviews,₹970,Ziox X73,32 MB RAM | 32 MB ROM,3
3600 mAh Battery,0.3MP Rear Camera,6.1 cm (2.4 inch) QVGA Display,"4,560 Ratings ", 557 Reviews,"₹1,340",Kechaoda K112,32 MB RAM | 64 MB ROM | Expandable Upto 32 GB,4
1000 mAh Battery,0.5MP Rear Camera,6.1 cm (2.4 inch) Display,10 Ratings , 3 Reviews,"₹1,129",InFocus VIBE 2,32 MB RAM | 32 MB ROM,4.3
3000 mAh Battery,12MP + 5MP | 16MP Front Camera,14.48 cm (5.7 inch) Full HD+ Display,"3,288 Ratings ", 311 Reviews,"₹20,000","Moto G6 (Indigo Black, 64 GB)",4 GB RAM | 64 GB ROM | Expandable Upto 256 GB,4.2
800 mAh Battery,1.3MP Rear Camera,4.57 cm (1.8 inch) Quarter QVGA Display,490 Ratings , 75 Reviews,"₹1,389",Lava Prime X,32 MB RAM | 32 MB ROM | Expandable Upto 32 GB,4.1
2200 mAh Battery,0.3MP Rear Camera,7.11 cm (2.8 inch) Display,28 Ratings , 3 Reviews,"₹1,499",Intex ULTRA F5,10 MB RAM | 10 MB ROM,3.8
4230 mAh Battery,13MP + 2MP | 8MP Front Camera,15.75 cm (6.2 inch) HD+ Display,"4,647 Ratings ", 356 Reviews,"₹12,990","OPPO A5s (Red, 32 GB)",2 GB RAM | 32 GB ROM | Expandable Upto 256 GB,4.3
4230 mAh Battery,13MP + 2MP | 8MP Front Camera,15.75 cm (6.2 inch) HD+ Display,"4,647 Ratings ", 356 Reviews,"₹12,990","OPPO A5s (Blue, 32 GB)",2 GB RAM | 32 GB ROM | Expandable Upto 256 GB,4.3
4230 mAh Battery,13MP + 2MP | 8MP Front Camera,15.75 cm (6.2 inch) HD+ Display,"4,127 Ratings ", 333 Reviews,"₹9,490","OPPO A5s (Black, 32 GB)",3 GB RAM | 32 GB ROM | Expandable Upto 256 GB,4.3
1000 mAh Battery,1.3MP Rear Camera,4.5 cm (1.77 inch) Display,702 Ratings , 106 Reviews,₹695,Trio T3 Selfie,32 MB RAM | 64 MB ROM,3.3
2500 mAh Battery,0.3MP Rear Camera,7.11 cm (2.8 inch) Display,17 Ratings , 0 Reviews,"₹1,456",Itel it 5622,512 MB RAM | 4 GB ROM,3.5
4030 mAh Battery,48MP + 8MP + 2MP | 32MP Front Camera,15.44 cm (6.08 inch) HD+ Display,"10,682 Ratings ", 939 Reviews,"₹16,990","Mi A3 (Not just Blue, 128 GB)",6 GB RAM | 128 GB ROM | Expandable Upto 256 GB,4.3
2700 mAh Battery,0.3MP Rear Camera,4.57 cm (1.8 inch) Display,"1,178 Ratings ", 142 Reviews,₹999,Karbonn K7 Power,32 MB RAM | 32 MB ROM | Expandable Upto 32 GB,3.7
850 mAh Battery,0.3MP Rear Camera,4.5 cm (1.77 inch) QVGA Display,"6,363 Ratings ", 618 Reviews,"₹1,045",Kechaoda K-55 Plus,512 MB RAM | 32 MB ROM,4
1450 mAh Battery,0.3MP Rear Camera,6.1 cm (2.4 inch) Display,88 Ratings , 4 Reviews,"₹1,099",Karbonn KX26,32 MB RAM | 32 MB ROM,3.9
3260 mAh Battery,13MP Rear Camera | 5MP Front Camera,15.8 cm (6.22 inch) HD+ Display,"2,572 Ratings ", 196 Reviews,"₹13,950","Vivo Y81 (Gold, 32 GB)",4 GB RAM | 32 GB ROM | Expandable Upto 256 GB,4.3
4000 mAh Lithium-ion Battery,13MP + 2MP | 8MP Front Camera,15.75 cm (6.2 inch) HD+ Display,"1,841 Ratings ", 152 Reviews,"₹9,490","Samsung Galaxy A10s (Black, 32 GB)",2 GB RAM | 32 GB ROM | Expandable Upto 512 GB,4.4
6000 mAh Battery,48MP + 8MP | 16MP Front Camera,16.26 cm (6.4 inch) Display,"3,017 Ratings ", 270 Reviews,"₹17,490","Samsung Galaxy M30S (Sapphire blue, 128 GB)",4 GB RAM | 128 GB ROM | Expandable Upto 512 GB,4.3
800 mAh Battery,0.3MP Rear Camera,4.57 cm (1.8 inch) Display,13 Ratings , 1 Reviews,"₹1,199",MTR MT 316,64 MB RAM | 64 MB ROM,3.2
4030 mAh Battery,13MP + 2MP | 20MP Front Camera,15.8 cm (6.22 inch) HD+ Display,"16,294 Ratings "," 1,392 Reviews","₹15,999","Vivo Y95 (Starry Black, 64 GB)",4 GB RAM | 64 GB ROM | Expandable Upto 256 GB,4.4
800 mAh Battery,0.03MP Rear Camera,4.5 cm (1.77 inch) Display,610 Ratings , 63 Reviews,₹559,Q-Tel Q8,32 MB RAM | 32 MB ROM,3.4
1000 mAh Battery,1.3MP Rear Camera,6.1 cm (2.4 inch) QVGA Display,122 Ratings , 14 Reviews,₹899,nuvo FLASH,32 MB RAM | 32 MB ROM | Expandable Upto 16 GB,3.6
1000 mAh Battery,1.3MP Rear Camera,6.1 cm (2.4 inch) QVGA Display,122 Ratings , 14 Reviews,₹849,nuvo FLASH,32 MB RAM | 32 MB ROM | Expandable Upto 16 GB,3.6
1000 mAh Battery,1.3MP Rear Camera,6.1 cm (2.4 inch) QVGA Display,122 Ratings , 14 Reviews,₹849,nuvo FLASH,32 MB RAM | 32 MB ROM | Expandable Upto 16 GB,3.6
1000 mAh Battery,1.3MP Rear Camera,6.1 cm (2.4 inch) QVGA Display,122 Ratings , 14 Reviews,₹899,nuvo FLASH,32 MB RAM | 32 MB ROM | Expandable Upto 16 GB,3.6
1000 mAh Battery,1.3MP Rear Camera,6.1 cm (2.4 inch) QVGA Display,122 Ratings , 14 Reviews,₹899,nuvo FLASH,32 MB RAM | 32 MB ROM | Expandable Upto 16 GB,3.6
1700 mAh Battery,0.3MP Rear Camera,6.1 cm (2.4 inch) QVGA Display,62 Ratings , 4 Reviews,"₹1,300",Kechaoda K88,32 MB RAM | 64 MB ROM | Expandable Upto 16 GB,3.8
1050 mAh Battery,2.4MP Rear Camera,4.57 cm (1.8 inch) QVGA Display,349 Ratings , 34 Reviews,₹699,Blackbear B5 Bucket,64 MB RAM | 64 MB ROM | Expandable Upto 16 MB,3.7
1900 mAh Battery,1.3MP Rear Camera,8.13 cm (3.2 inch) Display,67 Ratings , 12 Reviews,"₹1,650",ITEL IT 7100,64 MB RAM | NA MB ROM,4.2
3100 mAh Lithium-ion Battery,16MP + 12MP | 10MP Front Camera,14.73 cm (5.8 inch) Full HD+ Display,624 Ratings , 92 Reviews,"₹58,000","Samsung Galaxy S10e (Prism White, 128 GB)",6 GB RAM | 128 GB ROM | Expandable Upto 512 GB,4.5
4030 mAh Battery,13MP + 2MP | 8MP Front Camera,15.8 cm (6.22 inch) HD+ Display,"14,662 Ratings "," 1,081 Reviews","₹9,990","Vivo Y91 (Starry Black, 32 GB)",3 GB RAM | 32 GB ROM | Expandable Upto 256 GB,4.4
800 mAh Battery,0.07MP Rear Camera,4.5 cm (1.77 inch) Display,3 Ratings , 0 Reviews,₹625,MTR Simmba,64 MB RAM | 64 MB ROM,4
800 mAh Battery,0.07MP Rear Camera,4.5 cm (1.77 inch) Display,3 Ratings , 0 Reviews,₹625,MTR Simmba,64 MB RAM | 64 MB ROM,4
2700 mAh Battery,8MP Rear Camera,12.7 cm (5 inch) Display,59 Ratings , 6 Reviews,"₹7,800","Itel Selfiepro S41 (Obsidian Black, 16 GB)",3 GB RAM | 16 GB ROM,3.9
3100 mAh Lithium-ion Battery,16MP + 12MP | 10MP Front Camera,14.73 cm (5.8 inch) Full HD+ Display,624 Ratings , 92 Reviews,"₹59,000","Samsung Galaxy S10e (Prism Black, 128 GB)",6 GB RAM | 128 GB ROM | Expandable Upto 512 GB,4.5
4000 mAh Battery,0.03MP + 0.03MP | 0MP Front Camera,7.11 cm (2.8 inch) QVGA Display,88 Ratings , 14 Reviews,"₹1,899",JIVI N3720 Power,1 MB RAM | 16 MB ROM | Expandable Upto 128 MB,4.1
1000 mAh Battery,0.08MP Rear Camera,4.57 cm (1.8 inch) Display,"1,196 Ratings ", 118 Reviews,"₹1,899",Niamia CAD 1 Combo of Two Mobiles,32 MB RAM | 32 MB ROM,3.6
1900 mAh Battery,1.3MP Rear Camera | 0.3MP Front Camera,6.1 cm (2.4 inch) QVGA Display,37 Ratings , 4 Reviews,"₹1,275",Itel It 5250,128 MB RAM | 512 MB ROM | Expandable Upto 32 MB,4.1
2500 mAh Battery,0.3MP Rear Camera,6.1 cm (2.4 inch) Display,31 Ratings , 2 Reviews,"₹1,478",itel it5617,32 MB RAM | 32 MB ROM,3.8
1500 mAh Battery,0.3MP Rear Camera,6.1 cm (2.4 inch) Display,10 Ratings , 1 Reviews,"₹1,394",Itel IT 5060,64 MB RAM | 64 MB ROM,3.6
4100 mAh Lithium-ion Battery,16MP + 12MP | 10MP + 8MP Dual Front Camera,16.26 cm (6.4 inch) Quad HD+ Display,23 Ratings , 6 Reviews,"₹1,17,990","Samsung Galaxy S10 Plus (Ceramic White, 1 TB)",12 GB RAM | 1 TB ROM | Expandable Upto 512 GB,4.5
1020 mAh Battery,0.3MP Rear Camera,6.1 cm (2.4 inch) Display,"5,004 Ratings ", 520 Reviews,"₹2,499",Nokia 216,16 MB RAM | 16 MB ROM,4.2
3000 mAh Battery,0.3MP Rear Camera,6.1 cm (2.4 inch) Display,,,"₹1,499",Itel it 5092,4 MB RAM | 4 MB ROM,
800 mAh Battery,0.3MP Rear Camera,4.57 cm (1.8 inch) Display,9 Ratings , 1 Reviews,"₹1,199",MTR Guru,64 MB RAM | 64 MB ROM,3.9
2800 mAh Battery,0.3MP Rear Camera,6.1 cm (2.4 inch) Display,,,"₹1,299",Tork T27 Boom,32 MB RAM | 32 MB ROM,
4000 mAh Li-ion Battery,25MP + 5MP + 8MP | 16MP Front Camera,16.26 cm (6.4 inch) HD+ Display,"3,646 Ratings ", 271 Reviews,"₹16,990","Samsung Galaxy A30s (Prism Crush White, 128 GB)",4 GB RAM | 128 GB ROM,4.3
800 mAh Battery,3MP Rear Camera,4.5 cm (1.77 inch) Display,25 Ratings , 3 Reviews,₹629,MTR Mt07,64 MB RAM | 64 MB ROM,3.7
4230 mAh Battery,13MP + 2MP | 8MP Front Camera,15.75 cm (6.2 inch) HD+ Display,"16,776 Ratings "," 1,340 Reviews","₹14,495","OPPO A3s (Red, 64 GB)",4 GB RAM | 64 GB ROM | Expandable Upto 256 GB,4.3
4230 mAh Battery,13MP + 2MP | 8MP Front Camera,15.75 cm (6.2 inch) HD+ Display,"16,776 Ratings "," 1,340 Reviews","₹15,000","OPPO A3s (Purple, 64 GB)",4 GB RAM | 64 GB ROM | Expandable Upto 256 GB,4.3
3750 mAh Battery,13MP + 2MP | 16MP Front Camera,15.75 cm (6.2 inch) HD+ Display,58 Ratings , 7 Reviews,"₹12,333","Tecno Camon i 2 (AQUA BLUE, 32 GB)",3 GB RAM | 32 GB ROM | Expandable Upto 128 GB,4.2
3500 mAh Battery,16MP + 5MP | 24MP Front Camera,15.24 cm (6 inch) Full HD+ Display,"4,175 Ratings ", 437 Reviews,"₹21,999","Samsung Galaxy A6+ (Black, 64 GB)",4 GB RAM | 64 GB ROM,4.4
2500 mAh Battery,8MP Rear Camera | 5MP Front Camera,12.7 cm (5 inch) HD Display,"1,376 Ratings ", 143 Reviews,"₹7,700","LG K9 4G LTE (Black, 16 GB)",2 GB RAM | 16 GB ROM | Expandable Upto 32 GB,4
1000 mAh Battery,1.3MP Rear Camera,4.57 cm (1.8 inch) Display,430 Ratings , 49 Reviews,₹799,Mymax M40,32 MB RAM | 32 MB ROM,3.5
1000 mAh Battery,0.3MP Rear Camera,4.57 cm (1.8 inch) QVGA Display,574 Ratings , 64 Reviews,"₹1,000",Itel it 2162,32 MB RAM | 32 MB ROM,4
3100 mAh Battery,13MP Rear Camera | 16MP Front Camera,13.21 cm (5.2 inch) HD Display,868 Ratings , 103 Reviews,"₹12,990","Gionee S10 Lite (Black, 32 GB)",4 GB RAM | 32 GB ROM | Expandable Upto 256 GB,4.1
1050 mAh Battery,0.3MP Rear Camera,4.57 cm (1.8 inch) Display,25 Ratings , 4 Reviews,"₹1,149",Intex Eco Selfie 2,32 MB RAM | 32 MB ROM,3.5
2500 mAh Battery,0.3MP Rear Camera,4.57 cm (1.8 inch) Display,3 Ratings , 0 Reviews,₹950,Forme D10,32 MB RAM | 32 MB ROM,3.3
3055 mAh Battery,16MP Rear Camera | 20MP + 8MP Dual Front Camera,13.97 cm (5.5 inch) Full HD Display,"4,491 Ratings ", 847 Reviews,"₹17,999","Vivo V5 Plus (Gold, 64 GB)",4 GB RAM | 64 GB ROM,4.3
1000 mAh Battery,0.3MP Rear Camera,4.57 cm (1.8 Inch) QVGA Display,11 Ratings , 0 Reviews,₹799,SHOMI S100,32 MB RAM | 32 MB ROM,3.4
3500 mAh Battery,13MP + 2MP + 8MP | 16MP Front Camera,15.75 cm (6.2 inch) HD+ Display,155 Ratings , 14 Reviews,"₹10,000","Tecno Camon i4 (Midnight Black, 32 GB)",2 GB RAM | 32 GB ROM | Expandable Upto 256 GB,4.1
1000 mAh Battery,0.3MP Rear Camera,4.57 cm (1.8 inch) Display,3 Ratings , 1 Reviews,₹849,Tork X2,32 MB RAM | 32 MB ROM,5
3500 mAh Battery,48MP + 5MP + 8MP | 20MP Front Camera,16.0 cm (6.3 inch) Full HD+ Display,"1,700 Ratings ", 236 Reviews,"₹16,399","Nokia 7.2 (Charcoal, 64 GB)",4 GB RAM | 64 GB ROM | Expandable Upto 512 GB,4.2
3260 mAh Li-ion Battery,13MP Rear Camera | 5MP Front Camera,15.49 cm (6.1 inch) HD+ Display,"49,164 Ratings "," 3,446 Reviews","₹11,500","Vivo Y81 (Gold, 32 GB)",3 GB RAM | 32 GB ROM | Expandable Upto 256 GB,4.4
800 mAh Battery,1MP Rear Camera,4.5 cm (1.77 inch) QVGA Display,"1,767 Ratings ", 133 Reviews,"₹1,940",Nokia 110,4 MB RAM | 4 MB ROM | Expandable Upto 32 MB,4
800 mAh Battery,0.08MP Rear Camera,4.5 cm (1.77 inch) Display,19 Ratings , 1 Reviews,₹599,MTR BANANA,64 MB RAM | 64 MB ROM,4.5
800 mAh Battery,0.3MP Rear Camera,4.57 cm (1.8 inch) Display,5 Ratings , 0 Reviews,₹999,MTR MT 315,64 MB RAM | 64 MB ROM,4
1800 mAh Battery,1.2MP Rear Camera,4.57 cm (1.8 inch) Display,3 Ratings , 1 Reviews,₹899,Forme Turbo1,12 MB RAM | 15 MB ROM,5
1450 mAh Li-Ion Battery,3.2MP Rear Camera,6.2 cm (2.44 inch) QVGA Display,"2,184 Ratings ", 426 Reviews,"₹8,999",Blackberry Curve 9320 (Blue),512 MB RAM | Expandable Upto 32 GB,3.3
2700 mAh Battery,13MP Rear Camera | 8MP Front Camera,13.21 cm (5.2 inch) HD Display,272 Ratings , 28 Reviews,"₹8,295","Comio S1 4G (Sunrise Gold, 32 GB)",2 GB RAM | 32 GB ROM | Expandable Upto 128 GB,3.9
800 mAh Battery,0.03MP Rear Camera,6.1 cm (2.4 inch) VGA Display,203 Ratings , 25 Reviews,"₹1,199",Micromax X751,56 MB ROM,3.7
4000 mAh Li-ion Battery,25MP + 5MP + 8MP | 16MP Front Camera,16.26 cm (6.4 inch) HD+ Display,"3,646 Ratings ", 271 Reviews,"₹16,990","Samsung Galaxy A30s (Prism Crush Violet, 128 GB)",4 GB RAM | 128 GB ROM,4.3
4850 mAh Battery,13MP + 5MP | 5MP Front Camera,13.97 cm (5.5 inch) HD Display,"1,061 Ratings ", 138 Reviews,"₹9,500","InFocus Turbo 5 Plus (Royal Gold, 32 GB)",3 GB RAM | 32 GB ROM | Expandable Upto 32 GB,3.8
3000 mAh Battery,13MP Rear Camera | 8MP Front Camera,14.22 cm (5.6 inch) HD+ Display,"15,597 Ratings "," 1,608 Reviews","₹12,990","Samsung Galaxy J6 (Blue, 32 GB)",3 GB RAM | 32 GB ROM | Expandable Upto 256 GB,4.4
1450 mAh Battery,0.3MP Rear Camera,6.1 cm (2.4 inch) Display,155 Ratings , 28 Reviews,"₹1,150",InFocus Hero Smart P1,32 MB RAM | 32 MB ROM | Expandable Upto 32 GB,3.7
800 mAh Battery,2MP Rear Camera,4.57 cm (1.8 inch) Display,69 Ratings , 7 Reviews,₹999,Kechaoda K111,32 MB RAM | 32 MB ROM,4.1
4000 mAh Battery,16MP Rear Camera,15.9 cm (6.26 inch) Display,14 Ratings , 1 Reviews,"₹12,990","LG W30 Plus (Aurora Green, 64 GB)",4 GB RAM | 64 GB ROM,3.5
3500 mAh Battery,13MP Rear Camera,15.24 cm (6 inch) Display,"3,790 Ratings ", 444 Reviews,"₹13,000","Nokia 3.1 Plus (Charcoal, 32 GB)",3 GB RAM | 32 GB ROM,4.2
1000 mAh Battery,0.3MP Rear Camera,4.57 cm (1.8 inch) Display,107 Ratings , 8 Reviews,"₹1,199",I Kall K6610 Combo of Two Mobile,32 MB RAM | 64 MB ROM | Expandable Upto 8 GB,3.6
800 mAh Battery,0.3MP Rear Camera,4.57 cm (1.8 inch) Display,3 Ratings , 0 Reviews,"₹1,795",I Kall K27 New Combo of Three Mobiles,32 MB RAM | 64 MB ROM,3.7
1000 mAh Battery,0.3MP Front Camera,4.57 cm (1.8 inch) QVGA Display,104 Ratings , 9 Reviews,₹700,M-tech G33,32 MB RAM | 32 MB ROM | Expandable Upto 16 GB,3.7
1000 mAh Battery,1.3MP Rear Camera,4.57 cm (1.8 inch) QVGA Display,368 Ratings , 59 Reviews,₹651,Tymes Y331,32 MB RAM | 32 MB ROM | Expandable Upto 16 GB,3.4
1000 mAh Battery,0.3MP Rear Camera,5.59 cm (2.2 inch) QVGA Display,309 Ratings , 47 Reviews,"₹1,190",Tambo A2200,32 MB RAM | 32 MB ROM | Expandable Upto 64 GB,4
3180 mAh Battery,13MP Rear Camera | 8MP Front Camera,14.48 cm (5.7 inch) HD Display,330 Ratings , 34 Reviews,"₹11,000","OPPO A83 (Champagne, 16 GB)",2 GB RAM | 16 GB ROM | Expandable Upto 256 GB,4.2
3000 mAh Battery,13MP + 2MP | 16MP Front Camera,14.83 cm (5.84 inches) Display,"2,27,700 Ratings "," 21,999 Reviews","₹12,500","Honor 9N (Robin Egg Blue, 32 GB)",3 GB RAM | 32 GB ROM | Expandable Upto 256 GB,4.4
3000 mAh Battery,13MP Rear Camera | 5MP Front Camera,13.97 cm (5.5 inch) HD Display,"2,167 Ratings ", 281 Reviews,"₹12,000","Samsung Galaxy J7 Nxt (Gold, 32 GB)",3 GB RAM | 32 GB ROM | Expandable Upto 256 GB,4.3
3000 mAh Battery,13MP + 2MP | 16MP Front Camera,14.83 cm (5.84 inches) Display,"2,23,771 Ratings "," 21,306 Reviews","₹14,500","Honor 9N (Robin Egg Blue, 64 GB)",4 GB RAM | 64 GB ROM | Expandable Upto 256 GB,4.3
3000 mAh Battery,13MP + 2MP | 16MP Front Camera,14.83 cm (5.84 inches) Display,"2,23,771 Ratings "," 21,306 Reviews","₹14,500","Honor 9N (Purple, 64 GB)",4 GB RAM | 64 GB ROM | Expandable Upto 256 GB,4.3
3260 mAh Li-ion Battery,16MP + 5MP | 24MP Front Camera,16.0 cm (6.3 inch) Full HD+ Display,"89,663 Ratings "," 9,671 Reviews","₹24,000","Vivo V9 (Gold, 64 GB)",4 GB RAM | 64 GB ROM | Expandable Upto 256 GB,4.5
1000 mAh Battery,0.3MP Rear Camera,4.57 cm (1.8 inch) Display,,,₹849,ZIOX X92,32 MB RAM | 32 MB ROM,
3500 mAh Battery,16MP + 5MP | 16MP Front Camera,15.24 cm (6 inch) HD+ Display,"19,137 Ratings "," 1,962 Reviews","₹19,500","Samsung Galaxy J8 (Black, 64 GB)",4 GB RAM | 64 GB ROM | Expandable Upto 256 GB,4.4
2700 mAh Battery,8MP Rear Camera | 5MP + 2MP Dual Front Camera,12.7 cm (5 inch) Display,24 Ratings , 4 Reviews,"₹5,449","Itel S21 (Gold, 16 GB)",1 GB RAM | 16 GB ROM,4.3
800 mAh Battery,0.3MP Rear Camera,4.57 cm (1.8 inch) Display,,,₹649,I Kall K 52,32 MB RAM | 64 MB ROM,
3180 mAh Battery,13MP Rear Camera | 8MP Front Camera,14.48 cm (5.7 inch) Display,"9,631 Ratings "," 1,039 Reviews","₹13,990","OPPO A83 (2018 Edition) (Red, 64 GB)",4 GB RAM | 64 GB ROM,4.3
1050 mAh Battery,0.3MP Rear Camera,4.57 cm (1.8 inch) QVGA Display,10 Ratings , 2 Reviews,₹765,Mafe Guru,Expandable Upto 8 GB,3.4
800 mAh Battery,0.3MP Rear Camera,4.57 cm (1.8 inch) Display,710 Ratings , 63 Reviews,₹898,Karbonn KX1,32 MB RAM | 32 MB ROM,3.9
1000 mAh Battery,0.3MP Rear Camera,6.1 cm (2.4 inch) QVGA Display,"6,497 Ratings ", 755 Reviews,"₹1,349",Lava One,32 MB RAM | 32 MB ROM,4.1
1000 mAh Battery,0.3MP Rear Camera,4.32 cm (1.7 inch) Display,236 Ratings , 15 Reviews,"₹1,499",Good One Magic,32 MB RAM | 32 MB ROM,4.1
1100 mAh Battery,3.15MP Rear Camera,6.1 cm (2.4 inch) Display,7 Ratings , 1 Reviews,"₹12,999",Nokia N73,42 MB RAM | 42 MB ROM,2.1
800 mAh Battery,0.3MP Rear Camera,4.5 cm (1.77 inch) Display,25 Ratings , 3 Reviews,₹999,MTR Mt07,64 MB RAM | 64 MB ROM,3.7
3750 mAh Battery,13MP + 5MP | 16MP Front Camera,15.75 cm (6.2 inch) Display,96 Ratings , 9 Reviews,"₹14,074","Tecno Camon i 2x (Blue, 64 GB)",4 GB RAM | 64 GB ROM,4.6
